Date,Governorate,Cases,Deaths,CFR (%),Attack Rate (per 1000),COD Gov English,COD Gov Arabic,COD Gov Pcode
2017-08-21,Abyan,19103,34,0.2,312.50,Abyan,أبين,12
2017-08-21,Aden,14779,56,0.4,154.48,Aden,عدن,24
2017-08-21,Al Bayda,16351,26,0.2,212.31,Al Bayda,البيضاء,14
2017-08-21,Al Dhale'e,31725,77,0.2,421.11,Al Dhale'e,الضالع,30
2017-08-21,Al Hudaydah,65568,237,0.4,195.99,Al Hudaydah,الحديدة,18
2017-08-21,Al Jawf,6596,18,0.3,101.67,Al Jawf,الجوف,16
2017-08-21,Al Maharah,1028,1,0.1,63.31,Al Maharah,المهرة,28
2017-08-21,Al Mahwit,32883,132,0.4,432.26,Al Mahwit,المحويت,27
2017-08-21,Amanat Al Asimah,63480,63,0.1,191.87,Amanat Al Asimah,أمانة العاصمة,13
2017-08-21,Amran,55996,154,0.3,366.03,Amran,عمران,29
2017-08-21,Dhamar,45704,142,0.3,215.48,Dhamar,ذمار,20
2017-08-21,Hajjah,58490,381,0.7,236.36,Hajjah,حجة,17
2017-08-21,Ibb,38012,252,0.7,124.01,Ibb,إب,11
2017-08-21,Lahj,12150,17,0.1,115.43,Lahj,لحج,25
2017-08-21,Marib,3281,4,0.1,91.24,Marib,مأرب,26
2017-08-21,Moklla,145,1,0.7,1.81,#N/A,#N/A,#N/A
2017-08-21,Raymah,9581,105,1.1,151.18,Raymah,ريمة,31
2017-08-21,Sa'ada,2359,5,0.2,26.50,Sa'ada,صعدة,22
2017-08-21,Sana'a,30086,122,0.4,240.53,Sana'a,صنعاء,23
2017-08-21,Say'on,10,0,0.0,0.15,#N/A,#N/A,#N/A
2017-08-21,Shabwah,646,1,0.2,9.99,Shabwah,شبوة,21
2017-08-21,Taizz,34850,175,0.5,113.91,Taizz,تعز,15
2017-08-20,Abyan,19102,34,0.2,312.48,Abyan,أبين,12
2017-08-20,Aden,14666,53,0.4,153.30,Aden,عدن,24
2017-08-20,Al Bayda,16173,26,0.2,210.00,Al Bayda,البيضاء,14
2017-08-20,Al Dhale'e,31368,77,0.3,416.37,Al Dhale'e,الضالع,30
2017-08-20,Al Hudaydah,64624,237,0.4,193.16,Al Hudaydah,الحديدة,18
2017-08-20,Al Jawf,6439,18,0.3,99.25,Al Jawf,الجوف,16
2017-08-20,Al Maharah,1021,1,0.1,62.88,Al Maharah,المهرة,28
2017-08-20,Al Mahwit,32674,132,0.4,429.51,Al Mahwit,المحويت,27
2017-08-20,Amanat Al Asimah,62977,63,0.1,190.35,Amanat Al Asimah,أمانة العاصمة,13
2017-08-20,Amran,55473,154,0.3,362.61,Amran,عمران,29
2017-08-20,Dhamar,45035,142,0.3,212.33,Dhamar,ذمار,20
2017-08-20,Hajjah,57770,381,0.7,233.45,Hajjah,حجة,17
2017-08-20,Ibb,37813,252,0.7,123.36,Ibb,إب,11
2017-08-20,Lahj,11689,17,0.2,111.05,Lahj,لحج,25
2017-08-20,Marib,3201,4,0.1,89.02,Marib,مأرب,26
2017-08-20,Moklla,145,1,0.7,1.81,#N/A,#N/A,#N/A
2017-08-20,Raymah,9492,105,1.1,149.77,Raymah,ريمة,31
2017-08-20,Sa'ada,2313,5,0.2,25.98,Sa'ada,صعدة,22
2017-08-20,Sana'a,29992,122,0.4,239.78,Sana'a,صنعاء,23
2017-08-20,Say'on,10,0,0.0,0.15,#N/A,#N/A,#N/A
2017-08-20,Shabwah,617,1,0.2,9.54,Shabwah,شبوة,21
2017-08-20,Taizz,34728,175,0.5,113.51,Taizz,تعز,15
2017-08-19,Abyan,18865,34,0.2,308.60,Abyan,أبين,12
2017-08-19,Aden,14555,53,0.4,152.14,Aden,عدن,24
2017-08-19,Al Bayda,16011,26,0.2,207.89,Al Bayda,البيضاء,14
2017-08-19,Al Dhale'e,31038,77,0.3,411.99,Al Dhale'e,الضالع,30
2017-08-19,Al Hudaydah,63681,237,0.4,190.34,Al Hudaydah,الحديدة,18
2017-08-19,Al Jawf,6345,18,0.3,97.80,Al Jawf,الجوف,16
2017-08-19,Al Maharah,1021,1,0.1,62.88,Al Maharah,المهرة,28
2017-08-19,Al Mahwit,32357,132,0.4,425.34,Al Mahwit,المحويت,27
2017-08-19,Amanat Al Asimah,62557,62,0.1,189.08,Amanat Al Asimah,أمانة العاصمة,13
2017-08-19,Amran,54878,154,0.3,358.72,Amran,عمران,29
2017-08-19,Dhamar,44410,141,0.3,209.38,Dhamar,ذمار,20
2017-08-19,Hajjah,57382,381,0.7,231.88,Hajjah,حجة,17
2017-08-19,Ibb,37510,252,0.7,122.37,Ibb,إب,11
2017-08-19,Lahj,11688,17,0.2,111.05,Lahj,لحج,25
2017-08-19,Marib,3159,4,0.1,87.85,Marib,مأرب,26
2017-08-19,Moklla,145,1,0.7,1.81,#N/A,#N/A,#N/A
2017-08-19,Raymah,9386,105,1.1,148.10,Raymah,ريمة,31
2017-08-19,Sa'ada,2210,5,0.2,24.82,Sa'ada,صعدة,22
2017-08-19,Sana'a,29868,122,0.4,238.79,Sana'a,صنعاء,23
2017-08-19,Say'on,10,0,0.0,0.15,#N/A,#N/A,#N/A
2017-08-19,Shabwah,616,1,0.2,9.53,Shabwah,شبوة,21
2017-08-19,Taizz,34616,175,0.5,113.15,Taizz,تعز,15
2017-08-18,Abyan,18634,34,0.2,304.82,Abyan,أبين,12
2017-08-18,Aden,14479,52,0.4,151.35,Aden,عدن,24
2017-08-18,Al Bayda,15832,26,0.2,205.57,Al Bayda,البيضاء,14
2017-08-18,Al Dhale'e,30783,77,0.3,408.61,Al Dhale'e,الضالع,30
2017-08-18,Al Hudaydah,62873,237,0.4,187.93,Al Hudaydah,الحديدة,18
2017-08-18,Al Jawf,6183,18,0.3,95.31,Al Jawf,الجوف,16
2017-08-18,Al Maharah,995,1,0.1,61.27,Al Maharah,المهرة,28
2017-08-18,Al Mahwit,32054,132,0.4,421.36,Al Mahwit,المحويت,27
2017-08-18,Amanat Al Asimah,62367,62,0.1,188.51,Amanat Al Asimah,أمانة العاصمة,13
2017-08-18,Amran,54380,154,0.3,355.46,Amran,عمران,29
2017-08-18,Dhamar,43714,141,0.3,206.10,Dhamar,ذمار,20
2017-08-18,Hajjah,56652,381,0.7,228.93,Hajjah,حجة,17
2017-08-18,Ibb,37347,252,0.7,121.84,Ibb,إب,11
2017-08-18,Lahj,11686,17,0.2,111.03,Lahj,لحج,25
2017-08-18,Marib,3128,4,0.1,86.99,Marib,مأرب,26
2017-08-18,Moklla,133,1,0.8,1.66,#N/A,#N/A,#N/A
2017-08-18,Raymah,9278,105,1.1,146.40,Raymah,ريمة,31
2017-08-18,Sa'ada,2210,5,0.2,24.82,Sa'ada,صعدة,22
2017-08-18,Sana'a,29699,122,0.4,237.44,Sana'a,صنعاء,23
2017-08-18,Say'on,10,0,0.0,0.15,#N/A,#N/A,#N/A
2017-08-18,Shabwah,614,1,0.2,9.49,Shabwah,شبوة,21
2017-08-18,Taizz,34417,175,0.5,112.50,Taizz,تعز,15
2017-08-17,Abyan,18469,34,0.2,302.13,Abyan,أبين,12
2017-08-17,Aden,14414,52,0.4,150.67,Aden,عدن,24
2017-08-17,Al Bayda,15744,26,0.2,204.43,Al Bayda,البيضاء,14
2017-08-17,Al Dhale'e,29755,77,0.3,394.96,Al Dhale'e,الضالع,30
2017-08-17,Al Hudaydah,62190,235,0.4,185.89,Al Hudaydah,الحديدة,18
2017-08-17,Al Jawf,6091,18,0.3,93.89,Al Jawf,الجوف,16
2017-08-17,Al Maharah,995,1,0.1,61.27,Al Maharah,المهرة,28
2017-08-17,Al Mahwit,31739,131,0.4,417.22,Al Mahwit,المحويت,27
2017-08-17,Amanat Al Asimah,62193,62,0.1,187.98,Amanat Al Asimah,أمانة العاصمة,13
2017-08-17,Amran,53940,154,0.3,352.59,Amran,عمران,29
2017-08-17,Dhamar,43177,140,0.3,203.57,Dhamar,ذمار,20
2017-08-17,Hajjah,55866,380,0.7,225.75,Hajjah,حجة,17
2017-08-17,Ibb,37237,252,0.7,121.48,Ibb,إب,11
2017-08-17,Lahj,11457,17,0.2,108.85,Lahj,لحج,25
2017-08-17,Marib,3098,4,0.1,86.15,Marib,مأرب,26
2017-08-17,Moklla,133,1,0.8,1.66,#N/A,#N/A,#N/A
2017-08-17,Raymah,9201,104,1.1,145.18,Raymah,ريمة,31
2017-08-17,Sa'ada,2164,5,0.2,24.31,Sa'ada,صعدة,22
2017-08-17,Sana'a,29688,122,0.4,237.35,Sana'a,صنعاء,23
2017-08-17,Say'on,10,0,0.0,0.15,#N/A,#N/A,#N/A
2017-08-17,Shabwah,584,1,0.2,9.03,Shabwah,شبوة,21
2017-08-17,Taizz,34215,175,0.5,111.84,Taizz,تعز,15
2017-08-16,Abyan,18257,34,0.2,298.66,Abyan,أبين,12
2017-08-16,Aden,14330,52,0.4,149.79,Aden,عدن,24
2017-08-16,Al Bayda,15644,26,0.2,203.13,Al Bayda,البيضاء,14
2017-08-16,Al Dhale'e,29755,77,0.3,394.96,Al Dhale'e,الضالع,30
2017-08-16,Al Hudaydah,61550,235,0.4,183.98,Al Hudaydah,الحديدة,18
2017-08-16,Al Jawf,5980,18,0.3,92.18,Al Jawf,الجوف,16
2017-08-16,Al Maharah,975,1,0.1,60.04,Al Maharah,المهرة,28
2017-08-16,Al Mahwit,31447,131,0.4,413.38,Al Mahwit,المحويت,27
2017-08-16,Amanat Al Asimah,61771,62,0.1,186.71,Amanat Al Asimah,أمانة العاصمة,13
2017-08-16,Amran,53430,153,0.3,349.25,Amran,عمران,29
2017-08-16,Dhamar,43170,140,0.3,203.53,Dhamar,ذمار,20
2017-08-16,Hajjah,55131,378,0.7,222.78,Hajjah,حجة,17
2017-08-16,Ibb,37054,251,0.7,120.88,Ibb,إب,11
2017-08-16,Lahj,11230,17,0.2,106.69,Lahj,لحج,25
2017-08-16,Marib,3049,4,0.1,84.79,Marib,مأرب,26
2017-08-16,Moklla,133,1,0.8,1.66,#N/A,#N/A,#N/A
2017-08-16,Raymah,9062,104,1.2,142.99,Raymah,ريمة,31
2017-08-16,Sa'ada,2111,5,0.2,23.71,Sa'ada,صعدة,22
2017-08-16,Sana'a,29474,122,0.4,235.64,Sana'a,صنعاء,23
2017-08-16,Say'on,10,0,0.0,0.15,#N/A,#N/A,#N/A
2017-08-16,Shabwah,584,1,0.2,9.03,Shabwah,شبوة,21
2017-08-16,Taizz,33908,175,0.5,110.83,Taizz,تعز,15
2017-08-15,Abyan,18055,33,0.2,295.35,Abyan,أبين,12
2017-08-15,Aden,14234,52,0.4,148.79,Aden,عدن,24
2017-08-15,Al Bayda,15289,26,0.2,198.52,Al Bayda,البيضاء,14
2017-08-15,Al Dhale'e,29755,77,0.3,394.96,Al Dhale'e,الضالع,30
2017-08-15,Al Hudaydah,61046,235,0.4,182.47,Al Hudaydah,الحديدة,18
2017-08-15,Al Jawf,5850,18,0.3,90.17,Al Jawf,الجوف,16
2017-08-15,Al Maharah,964,1,0.1,59.37,Al Maharah,المهرة,28
2017-08-15,Al Mahwit,31178,131,0.4,409.85,Al Mahwit,المحويت,27
2017-08-15,Amanat Al Asimah,61384,62,0.1,185.54,Amanat Al Asimah,أمانة العاصمة,13
2017-08-15,Amran,52904,153,0.3,345.82,Amran,عمران,29
2017-08-15,Dhamar,42639,140,0.3,201.03,Dhamar,ذمار,20
2017-08-15,Hajjah,54488,378,0.7,220.18,Hajjah,حجة,17
2017-08-15,Ibb,36864,250,0.7,120.27,Ibb,إب,11
2017-08-15,Lahj,10982,17,0.2,104.34,Lahj,لحج,25
2017-08-15,Marib,3021,4,0.1,84.01,Marib,مأرب,26
2017-08-15,Moklla,127,1,0.8,1.59,#N/A,#N/A,#N/A
2017-08-15,Raymah,8967,103,1.2,141.49,Raymah,ريمة,31
2017-08-15,Sa'ada,2024,5,0.3,22.73,Sa'ada,صعدة,22
2017-08-15,Sana'a,29349,122,0.4,234.64,Sana'a,صنعاء,23
2017-08-15,Say'on,10,0,0.0,0.15,#N/A,#N/A,#N/A
2017-08-15,Shabwah,583,1,0.2,9.02,Shabwah,شبوة,21
2017-08-15,Taizz,33707,175,0.5,110.17,Taizz,تعز,15
2017-08-13,Abyan,"17,575",33,0.2,28.75,Abyan,أبين,12
2017-08-13,Aden,"14,040",52,0.4,14.68,Aden,عدن,24
2017-08-13,Al Bayda,"15,141",26,0.2,19.66,Al Bayda,البيضاء,14
2017-08-13,Al Dhale'e,"29,063",77,0.3,38.58,Al Dhale'e,الضالع,30
2017-08-13,Al Hudaydah,"60,145",235,0.4,17.98,Al Hudaydah,الحديدة,18
2017-08-13,Al Jawf,"5,606",18,0.3,8.64,Al Jawf,الجوف,16
2017-08-13,Al Maharah,943,1,0.1,5.81,Al Maharah,المهرة,28
2017-08-13,Al Mahwit,"30,888",131,0.4,40.60,Al Mahwit,المحويت,27
2017-08-13,Amanat Al Asimah,"60,100",61,0.1,18.17,Amanat Al Asimah,أمانة العاصمة,13
2017-08-13,Amran,"51,827",153,0.3,33.88,Amran,عمران,29
2017-08-13,Dhamar,"41,415",140,0.3,19.53,Dhamar,ذمار,20
2017-08-13,Hajjah,"53,134",378,0.7,21.47,Hajjah,حجة,17
2017-08-13,Ibb,"36,378",245,0.7,11.87,Ibb,إب,11
2017-08-13,Lahj,"10,475",17,0.2,9.95,Lahj,لحج,25
2017-08-13,Marib,"2,923",4,0.1,8.13,Marib,مأرب,26
2017-08-13,Moklla,115,1,0.9,0.14,#N/A,#N/A,#N/A
2017-08-13,Raymah,"8,778",101,1.2,13.85,Raymah,ريمة,31
2017-08-13,Sa'ada,"1,939",5,0.3,2.18,Sa'ada,صعدة,22
2017-08-13,Sana'a,"29,234",122,0.4,23.37,Sana'a,صنعاء,23
2017-08-13,Say'on,10,0,0.0,0.02,#N/A,#N/A,#N/A
2017-08-13,Shabwah,519,1,0.2,0.80,Shabwah,شبوة,21
2017-08-13,Taizz,"33,236",174,0.5,10.86,Taizz,تعز,15
2017-08-06,Al Mahwit,28632,131,0.5,37.64,Al Mahwit,المحويت,27
2017-08-06,Al Dhale'e,27294,77,0.3,36.23,Al Dhale'e,الضالع,30
2017-08-06,Amran,48509,151,0.3,31.71,Amran,عمران,29
2017-08-06,Abyan,16195,33,0.2,26.49,Abyan,أبين,12
2017-08-06,Sana'a,28505,119,0.4,22.79,Sana'a,صنعاء,23
2017-08-06,Hajjah,49977,374,0.7,20.20,Hajjah,حجة,17
2017-08-06,Al Bayda,14202,26,0.2,18.44,Al Bayda,البيضاء,14
2017-08-06,Dhamar,37399,134,0.4,17.63,Dhamar,ذمار,20
2017-08-06,Amanat Al Asimah,57751,61,0.1,17.46,Amanat Al Asimah,أمانة العاصمة,13
2017-08-06,Al Hudaydah,57268,234,0.4,17.12,Al Hudaydah,الحديدة,18
2017-08-06,Aden,13554,52,0.4,14.17,Aden,عدن,24
2017-08-06,Raymah,8283,99,1.2,13.07,Raymah,ريمة,31
2017-08-06,Ibb,34725,245,0.7,11.33,Ibb,إب,11
2017-08-06,Taizz,31856,170,0.5,10.41,Taizz,تعز,15
2017-08-06,Lahj,9009,17,0.2,8.56,Lahj,لحج,25
2017-08-06,Al Jawf,4915,18,0.4,7.58,Al Jawf,الجوف,16
2017-08-06,Marib,2689,4,0.1,7.48,Marib,مأرب,26
2017-08-06,Al Maharah,826,1,0.1,5.09,Al Maharah,المهرة,28
2017-08-06,Sa'ada,1526,5,0.3,1.71,Sa'ada,صعدة,22
2017-08-06,Shabwah,496,1,0.2,0.77,Shabwah,شبوة,21
2017-08-06,Moklla,83,1,1.2,0.10,#N/A,#N/A,#N/A
2017-08-06,Say'on,7,0,0.0,0.01,#N/A,#N/A,#N/A
2017-08-03,Amanat Al Asimah,55563,61,0.1,16.80,Amanat Al Asimah,أمانة العاصمة,13
2017-08-03,Al-Hudaydah,55409,232,0.4,16.60,Al Hudaydah,الحديدة,18
2017-08-03,Hajjah,47389,366,0.8,21.30,Hajjah,حجة,17
2017-08-03,Amran,46133,151,0.3,30.20,Amran,عمران,29
2017-08-03,Dhamar,35383,133,0.4,16.70,Dhamar,ذمار,20
2017-08-03,Ibb,33562,243,0.7,10.90,Ibb,إب,11
2017-08-03,Taizz,31222,170,0.5,10.30,Taizz,تعز,15
2017-08-03,Sana'a,28000,118,0.4,22.40,Sana'a,صنعاء,23
2017-08-03,Al Mahwit,27171,128,0.5,35.70,Al Mahwit,المحويت,27
2017-08-03,Al Dhale'e,25581,76,0.3,34.00,Al Dhale'e,الضالع,30
2017-08-03,Abyan,15220,33,0.2,24.90,Abyan,أبين,12
2017-08-03,Al Bayda,13512,26,0.2,17.50,Al Bayda,البيضاء,14
2017-08-03,Aden,13239,52,0.4,13.80,Aden,عدن,24
2017-08-03,Lahj,8090,17,0.2,7.70,Lahj,لحج,25
2017-08-03,Raymah,7983,95,1.2,12.60,Raymah,ريمة,31
2017-08-03,Al_Jawf,4507,17,0.4,6.90,Al Jawf,الجوف,16
2017-08-03,Ma'areb,2598,4,0.2,7.20,Marib,مأرب,26
2017-08-03,Sa'ada,1354,5,0.4,1.50,Sa'ada,صعدة,22
2017-08-03,AL Mahrah,755,1,0.1,4.60,Al Maharah,المهرة,28
2017-08-03,Shabwah,439,1,0.2,0.70,Shabwah,شبوة,21
2017-08-03,Moklla,58,1,1.7,0.10,#N/A,#N/A,#N/A
2017-08-03,Say'on,7,0,0.0,0.00,#N/A,#N/A,#N/A
2017-08-01,Amanat Al Asimah,54651,60,0.1,16.50,Amanat Al Asimah,أمانة العاصمة,13
2017-08-01,Al-Hudaydah,54486,231,0.4,16.30,Al Hudaydah,الحديدة,18
2017-08-01,Hajjah,46354,362,0.8,20.90,Hajjah,حجة,17
2017-08-01,Amran,45040,151,0.3,29.40,Amran,عمران,29
2017-08-01,Dhamar,34230,132,0.4,16.10,Dhamar,ذمار,20
2017-08-01,Ibb,32930,242,0.7,10.70,Ibb,إب,11
2017-08-01,Taizz,30485,170,0.6,10.00,Taizz,تعز,15
2017-08-01,Sana'a,27718,117,0.4,22.20,Sana'a,صنعاء,23
2017-08-01,Al Mahwit,26446,128,0.5,34.80,Al Mahwit,المحويت,27
2017-08-01,Al Dhale'e,25220,76,0.3,33.50,Al Dhale'e,الضالع,30
2017-08-01,Abyan,14737,33,0.2,24.10,Abyan,أبين,12
2017-08-01,Aden,13115,52,0.4,13.70,Aden,عدن,24
2017-08-01,Al Bayda,13050,26,0.2,16.90,Al Bayda,البيضاء,14
2017-08-01,Raymah,7846,95,1.2,12.40,Raymah,ريمة,31
2017-08-01,Lahj,7605,17,0.2,7.20,Lahj,لحج,25
2017-08-01,Al_Jawf,4310,17,0.4,6.60,Al Jawf,الجوف,16
2017-08-01,Ma'areb,2498,4,0.2,6.90,Marib,مأرب,26
2017-08-01,Sa'ada,1230,5,0.4,1.40,Sa'ada,صعدة,22
2017-08-01,AL Mahrah,731,1,0.1,4.50,Al Maharah,المهرة,28
2017-08-01,Shabwah,435,1,0.2,0.70,Shabwah,شبوة,21
2017-08-01,Moklla,42,1,2.4,0.10,#N/A,#N/A,#N/A
2017-08-01,Say'on,7,0,0.0,0.00,#N/A,#N/A,#N/A
2017-07-31,Amanat Al Asimah,53975,60,0.1,16.30,Amanat Al Asimah,أمانة العاصمة,13
2017-07-31,Al-Hudaydah,53803,231,0.4,16.10,Al Hudaydah,الحديدة,18
2017-07-31,Hajjah,45346,359,0.8,20.40,Hajjah,حجة,17
2017-07-31,Amran,44457,150,0.3,29.10,Amran,عمران,29
2017-07-31,Dhamar,33647,132,0.4,15.90,Dhamar,ذمار,20
2017-07-31,Ibb,32605,242,0.7,10.60,Ibb,إب,11
2017-07-31,Taizz,30218,170,0.6,10.00,Taizz,تعز,15
2017-07-31,Sana'a,27613,117,0.4,22.10,Sana'a,صنعاء,23
2017-07-31,Al Mahwit,25809,128,0.5,33.90,Al Mahwit,المحويت,27
2017-07-31,Al Dhale'e,24849,76,0.3,33.00,Al Dhale'e,الضالع,30
2017-07-31,Abyan,14474,33,0.2,23.70,Abyan,أبين,12
2017-07-31,Aden,13022,52,0.4,13.60,Aden,عدن,24
2017-07-31,Al Bayda,12872,26,0.2,16.70,Al Bayda,البيضاء,14
2017-07-31,Raymah,7758,95,1.2,12.20,Raymah,ريمة,31
2017-07-31,Lahj,7124,17,0.2,6.80,Lahj,لحج,25
2017-07-31,Al_Jawf,4203,16,0.4,6.50,Al Jawf,الجوف,16
2017-07-31,Ma'areb,2485,4,0.2,6.90,Marib,مأرب,26
2017-07-31,Sa'ada,1176,5,0.4,1.30,Sa'ada,صعدة,22
2017-07-31,AL Mahrah,731,1,0.1,4.50,Al Maharah,المهرة,28
2017-07-31,Shabwah,430,1,0.2,0.70,Shabwah,شبوة,21
2017-07-31,Moklla,21,0,0.0,0.00,#N/A,#N/A,#N/A
2017-07-31,Say'on,7,0,0.0,0.00,#N/A,#N/A,#N/A
2017-07-30,Al-Hudaydah,53306,227,0.4,15.90,Al Hudaydah,الحديدة,18
2017-07-30,Amanat Al Asimah,52415,60,0.1,15.80,Amanat Al Asimah,أمانة العاصمة,13
2017-07-30,Hajjah,45073,359,0.8,20.30,Hajjah,حجة,17
2017-07-30,Amran,43866,150,0.3,28.70,Amran,عمران,29
2017-07-30,Dhamar,33040,131,0.4,15.60,Dhamar,ذمار,20
2017-07-30,Ibb,32035,241,0.8,10.50,Ibb,إب,11
2017-07-30,Taizz,29716,170,0.6,9.80,Taizz,تعز,15
2017-07-30,Sana'a,27535,115,0.4,22.00,Sana'a,صنعاء,23
2017-07-30,Al Mahwit,25495,125,0.5,33.50,Al Mahwit,المحويت,27
2017-07-30,Al Dhale'e,24485,76,0.3,32.50,Al Dhale'e,الضالع,30
2017-07-30,Abyan,14195,32,0.2,23.20,Abyan,أبين,12
2017-07-30,Aden,12932,52,0.4,13.50,Aden,عدن,24
2017-07-30,Al Bayda,12871,26,0.2,16.70,Al Bayda,البيضاء,14
2017-07-30,Raymah,7728,95,1.2,12.20,Raymah,ريمة,31
2017-07-30,Lahj,6913,17,0.2,6.60,Lahj,لحج,25
2017-07-30,Al_Jawf,4120,16,0.4,6.40,Al Jawf,الجوف,16
2017-07-30,Ma'areb,2420,4,0.2,6.70,Marib,مأرب,26
2017-07-30,Sa'ada,1142,5,0.4,1.30,Sa'ada,صعدة,22
2017-07-30,AL Mahrah,713,1,0.1,4.40,Al Maharah,المهرة,28
2017-07-30,Shabwah,394,1,0.3,0.60,Shabwah,شبوة,21
2017-07-30,Say'on,7,0,0.0,0.00,#N/A,#N/A,#N/A
2017-07-29,Al-Hudaydah,52749,223,0.4,15.80,Al Hudaydah,الحديدة,18
2017-07-29,Amanat Al Asimah,51900,60,0.1,15.70,Amanat Al Asimah,أمانة العاصمة,13
2017-07-29,Hajjah,44563,359,0.8,20.10,Hajjah,حجة,17
2017-07-29,Amran,43362,150,0.3,28.30,Amran,عمران,29
2017-07-29,Dhamar,32452,130,0.4,15.30,Dhamar,ذمار,20
2017-07-29,Ibb,31603,240,0.8,10.30,Ibb,إب,11
2017-07-29,Taizz,29428,169,0.6,9.70,Taizz,تعز,15
2017-07-29,Sana'a,27391,115,0.4,21.90,Sana'a,صنعاء,23
2017-07-29,Al Mahwit,25493,125,0.5,33.50,Al Mahwit,المحويت,27
2017-07-29,Al Dhale'e,23746,76,0.3,31.50,Al Dhale'e,الضالع,30
2017-07-29,Abyan,13904,32,0.2,22.70,Abyan,أبين,12
2017-07-29,Aden,12818,52,0.4,13.40,Aden,عدن,24
2017-07-29,Al Bayda,12602,26,0.2,16.40,Al Bayda,البيضاء,14
2017-07-29,Raymah,7651,94,1.2,12.10,Raymah,ريمة,31
2017-07-29,Lahj,6905,17,0.2,6.60,Lahj,لحج,25
2017-07-29,Al_Jawf,4042,16,0.4,6.20,Al Jawf,الجوف,16
2017-07-29,Ma'areb,2360,4,0.2,6.60,Marib,مأرب,26
2017-07-29,Sa'ada,1120,5,0.4,1.30,Sa'ada,صعدة,22
2017-07-29,AL Mahrah,703,1,0.1,4.30,Al Maharah,المهرة,28
2017-07-29,Shabwah,393,1,0.3,0.60,Shabwah,شبوة,21
2017-07-29,Say'on,7,0,0.0,0.00,#N/A,#N/A,#N/A
2017-07-28,Al-Hudaydah,52272,222,0.4,15.60,Al Hudaydah,الحديدة,18
2017-07-28,Amanat Al Asimah,51571,60,0.1,15.60,Amanat Al Asimah,أمانة العاصمة,13
2017-07-28,Hajjah,43970,358,0.8,19.80,Hajjah,حجة,17
2017-07-28,Amran,42870,150,0.3,28.00,Amran,عمران,29
2017-07-28,Dhamar,31817,130,0.4,15.00,Dhamar,ذمار,20
2017-07-28,Ibb,31252,240,0.8,10.20,Ibb,إب,11
2017-07-28,Taizz,29179,169,0.6,9.60,Taizz,تعز,15
2017-07-28,Sana'a,27232,115,0.4,21.80,Sana'a,صنعاء,23
2017-07-28,Al Mahwit,24861,124,0.5,32.70,Al Mahwit,المحويت,27
2017-07-28,Al Dhale'e,23746,76,0.3,31.50,Al Dhale'e,الضالع,30
2017-07-28,Abyan,13899,32,0.2,22.70,Abyan,أبين,12
2017-07-28,Aden,12603,52,0.4,13.20,Aden,عدن,24
2017-07-28,Al Bayda,12599,26,0.2,16.40,Al Bayda,البيضاء,14
2017-07-28,Raymah,7574,94,1.2,12.00,Raymah,ريمة,31
2017-07-28,Lahj,5914,17,0.3,5.60,Lahj,لحج,25
2017-07-28,Al_Jawf,3959,16,0.4,6.10,Al Jawf,الجوف,16
2017-07-28,Ma'areb,2328,4,0.2,6.50,Marib,مأرب,26
2017-07-28,Sa'ada,1072,5,0.5,1.20,Sa'ada,صعدة,22
2017-07-28,AL Mahrah,687,1,0.1,4.20,Al Maharah,المهرة,28
2017-07-28,Shabwah,392,1,0.3,0.60,Shabwah,شبوة,21
2017-07-28,Say'on,7,0,0.0,0.00,#N/A,#N/A,#N/A
2017-07-27,Al-Hudaydah,51776,222,0.4,15.50,Al Hudaydah,الحديدة,18
2017-07-27,Amanat Al Asimah,51083,60,0.1,15.40,Amanat Al Asimah,أمانة العاصمة,13
2017-07-27,Hajjah,43210,358,0.8,19.50,Hajjah,حجة,17
2017-07-27,Amran,42250,150,0.4,27.60,Amran,عمران,29
2017-07-27,Dhamar,31260,129,0.4,14.70,Dhamar,ذمار,20
2017-07-27,Ibb,30967,240,0.8,10.10,Ibb,إب,11
2017-07-27,Taizz,28897,169,0.6,9.50,Taizz,تعز,15
2017-07-27,Sana'a,27117,115,0.4,21.70,Sana'a,صنعاء,23
2017-07-27,Al Mahwit,24262,124,0.5,31.90,Al Mahwit,المحويت,27
2017-07-27,Al Dhale'e,23347,76,0.3,31.00,Al Dhale'e,الضالع,30
2017-07-27,Abyan,13652,32,0.2,22.30,Abyan,أبين,12
2017-07-27,Aden,12603,52,0.4,13.20,Aden,عدن,24
2017-07-27,Al Bayda,12435,26,0.2,16.10,Al Bayda,البيضاء,14
2017-07-27,Raymah,7515,92,1.2,11.90,Raymah,ريمة,31
2017-07-27,Lahj,5914,17,0.3,5.60,Lahj,لحج,25
2017-07-27,Al_Jawf,3859,16,0.4,5.90,Al Jawf,الجوف,16
2017-07-27,Ma'areb,2291,4,0.2,6.40,Marib,مأرب,26
2017-07-27,Sa'ada,1039,5,0.5,1.20,Sa'ada,صعدة,22
2017-07-27,AL Mahrah,674,1,0.1,4.20,Al Maharah,المهرة,28
2017-07-27,Shabwah,390,1,0.3,0.60,Shabwah,شبوة,21
2017-07-27,Say'on,7,0,0.0,0.00,#N/A,#N/A,#N/A
2017-07-26,Al-Hudaydah,50977,222,0.4,15.20,Al Hudaydah,الحديدة,18
2017-07-26,Amanat Al Asimah,50835,60,0.1,15.40,Amanat Al Asimah,أمانة العاصمة,13
2017-07-26,Hajjah,42840,358,0.8,19.30,Hajjah,حجة,17
2017-07-26,Amran,41587,150,0.4,27.20,Amran,عمران,29
2017-07-26,Dhamar,30635,129,0.4,14.40,Dhamar,ذمار,20
2017-07-26,Ibb,30394,240,0.8,9.90,Ibb,إب,11
2017-07-26,Taizz,28383,168,0.6,9.40,Taizz,تعز,15
2017-07-26,Sana'a,26965,115,0.4,21.60,Sana'a,صنعاء,23
2017-07-26,Al Mahwit,23804,123,0.5,31.30,Al Mahwit,المحويت,27
2017-07-26,Al Dhale'e,22867,76,0.3,30.40,Al Dhale'e,الضالع,30
2017-07-26,Abyan,13007,32,0.2,21.30,Abyan,أبين,12
2017-07-26,Aden,12501,52,0.4,13.10,Aden,عدن,24
2017-07-26,Al Bayda,12320,26,0.2,16.00,Al Bayda,البيضاء,14
2017-07-26,Raymah,7415,91,1.2,11.70,Raymah,ريمة,31
2017-07-26,Lahj,5911,17,0.3,5.60,Lahj,لحج,25
2017-07-26,Al_Jawf,3778,15,0.4,5.80,Al Jawf,الجوف,16
2017-07-26,Ma'areb,2289,4,0.2,6.40,Marib,مأرب,26
2017-07-26,Sa'ada,1016,5,0.5,1.10,Sa'ada,صعدة,22
2017-07-26,AL Mahrah,662,1,0.2,4.10,Al Maharah,المهرة,28
2017-07-26,Shabwah,390,1,0.3,0.60,Shabwah,شبوة,21
2017-07-26,Say'on,7,0,0.0,0.00,#N/A,#N/A,#N/A
2017-07-25,Amanat Al Asimah,50331,60,0.1,15.20,Amanat Al Asimah,أمانة العاصمة,13
2017-07-25,Al-Hudaydah,50160,222,0.4,15.00,Al Hudaydah,الحديدة,18
2017-07-25,Hajjah,42363,358,0.8,19.10,Hajjah,حجة,17
2017-07-25,Amran,41038,150,0.4,26.80,Amran,عمران,29
2017-07-25,Ibb,30389,240,0.8,9.90,Ibb,إب,11
2017-07-25,Dhamar,30039,128,0.4,14.20,Dhamar,ذمار,20
2017-07-25,Taizz,28261,168,0.6,9.30,Taizz,تعز,15
2017-07-25,Sana'a,26798,115,0.4,21.40,Sana'a,صنعاء,23
2017-07-25,Al Mahwit,23417,122,0.5,30.80,Al Mahwit,المحويت,27
2017-07-25,Al Dhale'e,22539,76,0.3,29.90,Al Dhale'e,الضالع,30
2017-07-25,Abyan,12746,32,0.3,20.90,Abyan,أبين,12
2017-07-25,Aden,12343,52,0.4,12.90,Aden,عدن,24
2017-07-25,Al Bayda,12165,26,0.2,15.80,Al Bayda,البيضاء,14
2017-07-25,Raymah,7340,91,1.2,11.60,Raymah,ريمة,31
2017-07-25,Lahj,4591,16,0.3,4.40,Lahj,لحج,25
2017-07-25,Al_Jawf,3703,13,0.4,5.70,Al Jawf,الجوف,16
2017-07-25,Ma'areb,2237,4,0.2,6.20,Marib,مأرب,26
2017-07-25,Sa'ada,983,5,0.5,1.10,Sa'ada,صعدة,22
2017-07-25,AL Mahrah,645,1,0.2,4.00,Al Maharah,المهرة,28
2017-07-25,Shabwah,389,1,0.3,0.60,Shabwah,شبوة,21
2017-07-25,Say'on,7,0,0.0,0.00,#N/A,#N/A,#N/A
2017-07-24,Amanat Al Asimah,49850,60,0.1,15.10,Amanat Al Asimah,أمانة العاصمة,13
2017-07-24,Al-Hudaydah,49266,222,0.5,14.70,Al Hudaydah,الحديدة,18
2017-07-24,Hajjah,41391,357,0.9,18.60,Hajjah,حجة,17
2017-07-24,Amran,40488,150,0.4,26.50,Amran,عمران,29
2017-07-24,Ibb,29723,236,0.8,9.70,Ibb,إب,11
2017-07-24,Dhamar,29426,126,0.4,13.90,Dhamar,ذمار,20
2017-07-24,Taizz,27937,166,0.6,9.20,Taizz,تعز,15
2017-07-24,Sana'a,26656,115,0.4,21.30,Sana'a,صنعاء,23
2017-07-24,Al Mahwit,22922,121,0.5,30.10,Al Mahwit,المحويت,27
2017-07-24,Al Dhale'e,22240,75,0.3,29.50,Al Dhale'e,الضالع,30
2017-07-24,Abyan,12450,32,0.3,20.40,Abyan,أبين,12
2017-07-24,Aden,12154,52,0.4,12.70,Aden,عدن,24
2017-07-24,Al Bayda,11953,26,0.2,15.50,Al Bayda,البيضاء,14
2017-07-24,Raymah,7269,91,1.3,11.50,Raymah,ريمة,31
2017-07-24,Lahj,4591,16,0.3,4.40,Lahj,لحج,25
2017-07-24,Al_Jawf,3635,13,0.4,5.60,Al Jawf,الجوف,16
2017-07-24,Ma'areb,2182,4,0.2,6.10,Marib,مأرب,26
2017-07-24,Sa'ada,938,5,0.5,1.10,Sa'ada,صعدة,22
2017-07-24,AL Mahrah,620,1,0.2,3.80,Al Maharah,المهرة,28
2017-07-24,Shabwah,388,1,0.3,0.60,Shabwah,شبوة,21
2017-07-24,Say'on,7,0,0.0,0.00,#N/A,#N/A,#N/A
2017-07-23,Amanat Al Asimah,49311,60,0.1,14.90,Amanat Al Asimah,أمانة العاصمة,13
2017-07-23,Al-Hudaydah,48436,221,0.5,14.50,Al Hudaydah,الحديدة,18
2017-07-23,Hajjah,41385,357,0.9,18.60,Hajjah,حجة,17
2017-07-23,Amran,39803,150,0.4,26.00,Amran,عمران,29
2017-07-23,Ibb,29529,235,0.8,9.60,Ibb,إب,11
2017-07-23,Dhamar,28829,126,0.4,13.60,Dhamar,ذمار,20
2017-07-23,Taizz,27638,164,0.6,9.10,Taizz,تعز,15
2017-07-23,Sana'a,26498,114,0.4,21.20,Sana'a,صنعاء,23
2017-07-23,Al Mahwit,22621,121,0.5,29.70,Al Mahwit,المحويت,27
2017-07-23,Al Dhale'e,21935,75,0.3,29.10,Al Dhale'e,الضالع,30
2017-07-23,Aden,11987,52,0.4,12.50,Aden,عدن,24
2017-07-23,Abyan,11823,32,0.3,19.30,Abyan,أبين,12
2017-07-23,Al Bayda,11774,26,0.2,15.30,Al Bayda,البيضاء,14
2017-07-23,Raymah,7163,91,1.3,11.30,Raymah,ريمة,31
2017-07-23,Lahj,4583,16,0.3,4.40,Lahj,لحج,25
2017-07-23,Al_Jawf,3532,13,0.4,5.40,Al Jawf,الجوف,16
2017-07-23,Ma'areb,2065,4,0.2,5.70,Marib,مأرب,26
2017-07-23,Sa'ada,938,5,0.5,1.10,Sa'ada,صعدة,22
2017-07-23,AL Mahrah,620,1,0.2,3.80,Al Maharah,المهرة,28
2017-07-23,Shabwah,388,1,0.3,0.60,Shabwah,شبوة,21
2017-07-23,Say'on,7,0,0.0,0.00,#N/A,#N/A,#N/A
2017-07-22,Amanat Al Asimah,48916,60,0.1,14.80,Amanat Al Asimah,أمانة العاصمة,13
2017-07-22,Al-Hudaydah,47680,219,0.5,14.30,Al Hudaydah,الحديدة,18
2017-07-22,Hajjah,40800,356,0.9,18.40,Hajjah,حجة,17
2017-07-22,Amran,39277,150,0.4,25.70,Amran,عمران,29
2017-07-22,Ibb,29260,234,0.8,9.50,Ibb,إب,11
2017-07-22,Dhamar,28129,126,0.4,13.30,Dhamar,ذمار,20
2017-07-22,Taizz,27245,164,0.6,9.00,Taizz,تعز,15
2017-07-22,Sana'a,26138,114,0.4,20.90,Sana'a,صنعاء,23
2017-07-22,Al Dhale'e,21628,75,0.3,28.70,Al Dhale'e,الضالع,30
2017-07-22,Al Mahwit,21537,119,0.6,28.30,Al Mahwit,المحويت,27
2017-07-22,Abyan,11822,32,0.3,19.30,Abyan,أبين,12
2017-07-22,Aden,11812,52,0.4,12.30,Aden,عدن,24
2017-07-22,Al Bayda,11580,26,0.2,15.00,Al Bayda,البيضاء,14
2017-07-22,Raymah,7067,91,1.3,11.20,Raymah,ريمة,31
2017-07-22,Lahj,4579,16,0.3,4.40,Lahj,لحج,25
2017-07-22,Al_Jawf,3427,13,0.4,5.30,Al Jawf,الجوف,16
2017-07-22,Ma'areb,1939,4,0.2,5.40,Marib,مأرب,26
2017-07-22,Sa'ada,917,5,0.5,1.00,Sa'ada,صعدة,22
2017-07-22,AL Mahrah,606,1,0.2,3.70,Al Maharah,المهرة,28
2017-07-22,Shabwah,353,1,0.3,0.50,Shabwah,شبوة,21
2017-07-22,Say'on,7,0,0.0,0.00,#N/A,#N/A,#N/A
2017-07-21,Amanat Al Asimah,48430,60,0.1,14.60,Amanat Al Asimah,أمانة العاصمة,13
2017-07-21,Al-Hudaydah,47044,215,0.5,14.10,Al Hudaydah,الحديدة,18
2017-07-21,Hajjah,39787,355,0.9,17.90,Hajjah,حجة,17
2017-07-21,Amran,38802,150,0.4,25.40,Amran,عمران,29
2017-07-21,Ibb,28473,234,0.8,9.30,Ibb,إب,11
2017-07-21,Dhamar,27465,126,0.5,12.90,Dhamar,ذمار,20
2017-07-21,Taizz,26516,162,0.6,8.70,Taizz,تعز,15
2017-07-21,Sana'a,26123,114,0.4,20.90,Sana'a,صنعاء,23
2017-07-21,Al Dhale'e,21342,75,0.4,28.30,Al Dhale'e,الضالع,30
2017-07-21,Al Mahwit,20697,119,0.6,27.20,Al Mahwit,المحويت,27
2017-07-21,Aden,11614,52,0.4,12.10,Aden,عدن,24
2017-07-21,Abyan,11573,31,0.3,18.90,Abyan,أبين,12
2017-07-21,Al Bayda,11382,26,0.2,14.80,Al Bayda,البيضاء,14
2017-07-21,Raymah,6966,91,1.3,11.00,Raymah,ريمة,31
2017-07-21,Lahj,4575,16,0.3,4.30,Lahj,لحج,25
2017-07-21,Al_Jawf,3330,13,0.4,5.10,Al Jawf,الجوف,16
2017-07-21,Ma'areb,1939,4,0.2,5.40,Marib,مأرب,26
2017-07-21,Sa'ada,890,2,0.2,1.00,Sa'ada,صعدة,22
2017-07-21,AL Mahrah,586,1,0.2,3.60,Al Maharah,المهرة,28
2017-07-21,Shabwah,353,1,0.3,0.50,Shabwah,شبوة,21
2017-07-21,Say'on,7,0,0.0,0.00,#N/A,#N/A,#N/A
2017-07-20,Amanat Al Asimah,48100,60,0.1,14.50,Amanat Al Asimah,أمانة العاصمة,13
2017-07-20,Al-Hudaydah,46296,214,0.5,13.80,Al Hudaydah,الحديدة,18
2017-07-20,Hajjah,38947,353,0.9,17.50,Hajjah,حجة,17
2017-07-20,Amran,38342,150,0.4,25.10,Amran,عمران,29
2017-07-20,Ibb,28470,234,0.8,9.30,Ibb,إب,11
2017-07-20,Dhamar,26923,126,0.5,12.70,Dhamar,ذمار,20
2017-07-20,Taizz,26220,162,0.6,8.60,Taizz,تعز,15
2017-07-20,Sana'a,26010,113,0.4,20.80,Sana'a,صنعاء,23
2017-07-20,Al Dhale'e,20941,75,0.4,27.80,Al Dhale'e,الضالع,30
2017-07-20,Al Mahwit,20320,117,0.6,26.70,Al Mahwit,المحويت,27
2017-07-20,Aden,11431,48,0.4,11.90,Aden,عدن,24
2017-07-20,Abyan,11281,31,0.3,18.50,Abyan,أبين,12
2017-07-20,Al Bayda,11261,26,0.2,14.60,Al Bayda,البيضاء,14
2017-07-20,Raymah,6879,91,1.3,10.90,Raymah,ريمة,31
2017-07-20,Lahj,4570,16,0.4,4.30,Lahj,لحج,25
2017-07-20,Al_Jawf,3235,13,0.4,5.00,Al Jawf,الجوف,16
2017-07-20,Ma'areb,1916,4,0.2,5.30,Marib,مأرب,26
2017-07-20,Sa'ada,862,2,0.2,1.00,Sa'ada,صعدة,22
2017-07-20,AL Mahrah,573,1,0.2,3.50,Al Maharah,المهرة,28
2017-07-20,Shabwah,331,1,0.3,0.50,Shabwah,شبوة,21
2017-07-20,Say'on,7,0,0.0,0.00,#N/A,#N/A,#N/A
2017-07-19,Amanat Al Asimah,47647,60,0.1,14.40,Amanat Al Asimah,أمانة العاصمة,13
2017-07-19,Al-Hudaydah,45580,212,0.5,13.60,Al Hudaydah,الحديدة,18
2017-07-19,Hajjah,38936,353,0.9,17.50,Hajjah,حجة,17
2017-07-19,Amran,37814,150,0.4,24.70,Amran,عمران,29
2017-07-19,Ibb,28250,233,0.8,9.20,Ibb,إب,11
2017-07-19,Dhamar,26343,124,0.5,12.40,Dhamar,ذمار,20
2017-07-19,Taizz,25927,161,0.6,8.50,Taizz,تعز,15
2017-07-19,Sana'a,25779,113,0.4,20.60,Sana'a,صنعاء,23
2017-07-19,Al Dhale'e,20504,74,0.4,27.20,Al Dhale'e,الضالع,30
2017-07-19,Al Mahwit,20320,117,0.6,26.70,Al Mahwit,المحويت,27
2017-07-19,Al Bayda,11063,26,0.2,14.40,Al Bayda,البيضاء,14
2017-07-19,Aden,10997,48,0.4,11.50,Aden,عدن,24
2017-07-19,Abyan,10965,31,0.3,17.90,Abyan,أبين,12
2017-07-19,Raymah,6753,90,1.3,10.70,Raymah,ريمة,31
2017-07-19,Lahj,4553,16,0.4,4.30,Lahj,لحج,25
2017-07-19,Al_Jawf,3150,13,0.4,4.90,Al Jawf,الجوف,16
2017-07-19,Ma'areb,1916,4,0.2,5.30,Marib,مأرب,26
2017-07-19,Sa'ada,822,1,0.1,0.90,Sa'ada,صعدة,22
2017-07-19,AL Mahrah,550,1,0.2,3.40,Al Maharah,المهرة,28
2017-07-19,Shabwah,331,1,0.3,0.50,Shabwah,شبوة,21
2017-07-19,Say'on,7,0,0.0,0.00,#N/A,#N/A,#N/A
2017-07-18,Amanat Al Asimah,46985,59,0.1,14.20,Amanat Al Asimah,أمانة العاصمة,13
2017-07-18,Al-Hudaydah,44707,210,0.5,13.40,Al Hudaydah,الحديدة,18
2017-07-18,Hajjah,38001,346,0.9,17.10,Hajjah,حجة,17
2017-07-18,Amran,37260,150,0.4,24.40,Amran,عمران,29
2017-07-18,Ibb,27882,233,0.8,9.10,Ibb,إب,11
2017-07-18,Sana'a,25632,113,0.4,20.50,Sana'a,صنعاء,23
2017-07-18,Taizz,25664,160,0.6,8.50,Taizz,تعز,15
2017-07-18,Dhamar,25683,124,0.5,12.10,Dhamar,ذمار,20
2017-07-18,Al Dhale'e,20054,74,0.4,26.60,Al Dhale'e,الضالع,30
2017-07-18,Al Mahwit,19997,117,0.6,26.30,Al Mahwit,المحويت,27
2017-07-18,Aden,10997,48,0.4,11.50,Aden,عدن,24
2017-07-18,Al Bayda,10931,26,0.2,14.20,Al Bayda,البيضاء,14
2017-07-18,Abyan,10965,31,0.3,17.90,Abyan,أبين,12
2017-07-18,Raymah,6654,90,1.4,10.50,Raymah,ريمة,31
2017-07-18,Lahj,4553,16,0.4,4.30,Lahj,لحج,25
2017-07-18,Al_Jawf,3040,13,0.4,4.70,Al Jawf,الجوف,16
2017-07-18,Ma'areb,1916,4,0.2,5.30,Marib,مأرب,26
2017-07-18,Sa'ada,784,1,0.1,0.90,Sa'ada,صعدة,22
2017-07-18,AL Mahrah,529,1,0.2,3.30,Al Maharah,المهرة,28
2017-07-18,Shabwah,305,1,0.3,0.50,Shabwah,شبوة,21
2017-07-18,Say'on,6,0,0.0,0.00,#N/A,#N/A,#N/A
2017-07-17,Amanat Al Asimah,"46,477",59,0.1,14.00,Amanat Al Asimah,أمانة العاصمة,13
2017-07-17,Al-Hudaydah,"43,827",210,0.5,13.10,Al Hudaydah,الحديدة,18
2017-07-17,Hajjah,"37,990",346,0.9,17.10,Hajjah,حجة,17
2017-07-17,Amran,"36,740",149,0.4,24.00,Amran,عمران,29
2017-07-17,Ibb,"27,454",231,0.8,9.00,Ibb,إب,11
2017-07-17,Sana'a,"25,482",113,0.4,20.40,Sana'a,صنعاء,23
2017-07-17,Taizz,"25,142",159,0.6,8.30,Taizz,تعز,15
2017-07-17,Dhamar,"24,935",119,0.5,11.80,Dhamar,ذمار,20
2017-07-17,Al Dhale'e,"19,659",74,0.4,26.10,Al Dhale'e,الضالع,30
2017-07-17,Al Mahwit,"19,650",117,0.6,25.80,Al Mahwit,المحويت,27
2017-07-17,Aden,"10,809",48,0.4,11.30,Aden,عدن,24
2017-07-17,Al Bayda,"10,607",24,0.2,13.80,Al Bayda,البيضاء,14
2017-07-17,Abyan,"10,360",31,0.3,16.90,Abyan,أبين,12
2017-07-17,Raymah,"6,514",86,1.3,10.30,Raymah,ريمة,31
2017-07-17,Lahj,"4,545",16,0.4,4.30,Lahj,لحج,25
2017-07-17,Al_Jawf,"2,959",13,0.4,4.60,Al Jawf,الجوف,16
2017-07-17,Ma'areb,"1,868",4,0.2,5.20,Marib,مأرب,26
2017-07-17,Sa'ada,751,1,0.1,0.80,Sa'ada,صعدة,22
2017-07-17,AL Mahrah,511,1,0.2,3.10,Al Maharah,المهرة,28
2017-07-17,Shabwah,305,1,0.3,0.50,Shabwah,شبوة,21
2017-07-17,Say'on,6,0,0.0,0.00,#N/A,#N/A,#N/A
2017-07-16,Amanat Al Asimah,45701,57,0.1,13.80,Amanat Al Asimah,أمانة العاصمة,13
2017-07-16,Al-Hudaydah,42813,206,0.5,12.80,Al Hudaydah,الحديدة,18
2017-07-16,Hajjah,37647,345,0.9,17.00,Hajjah,حجة,17
2017-07-16,Amran,36116,149,0.4,23.60,Amran,عمران,29
2017-07-16,Ibb,27098,231,0.9,8.80,Ibb,إب,11
2017-07-16,Sana'a,25414,113,0.4,20.30,Sana'a,صنعاء,23
2017-07-16,Taizz,24656,157,0.6,8.10,Taizz,تعز,15
2017-07-16,Dhamar,24279,119,0.5,11.40,Dhamar,ذمار,20
2017-07-16,Al Dhale'e,19659,74,0.4,26.10,Al Dhale'e,الضالع,30
2017-07-16,Al Mahwit,19278,115,0.6,25.30,Al Mahwit,المحويت,27
2017-07-16,Aden,10665,48,0.5,11.10,Aden,عدن,24
2017-07-16,Al Bayda,10606,24,0.2,13.80,Al Bayda,البيضاء,14
2017-07-16,Abyan,10001,31,0.3,16.40,Abyan,أبين,12
2017-07-16,Raymah,6416,85,1.3,10.10,Raymah,ريمة,31
2017-07-16,Lahj,4540,16,0.4,4.30,Lahj,لحج,25
2017-07-16,Al_Jawf,2869,13,0.5,4.40,Al Jawf,الجوف,16
2017-07-16,Ma'areb,1783,4,0.2,5.00,Marib,مأرب,26
2017-07-16,Sa'ada,696,1,0.1,0.80,Sa'ada,صعدة,22
2017-07-16,AL Mahrah,499,1,0.2,3.10,Al Maharah,المهرة,28
2017-07-16,Shabwah,303,1,0.3,0.50,Shabwah,شبوة,21
2017-07-16,Say'on,6,0,0.0,0.00,#N/A,#N/A,#N/A
2017-07-15,Amanat Al Asimah,45227,56,0.1,13.70,Amanat Al Asimah,أمانة العاصمة,13
2017-07-15,Al-Hudaydah,41835,204,0.5,12.50,Al Hudaydah,الحديدة,18
2017-07-15,Hajjah,37018,345,0.9,16.70,Hajjah,حجة,17
2017-07-15,Amran,35419,149,0.4,23.20,Amran,عمران,29
2017-07-15,Ibb,26676,230,0.9,8.70,Ibb,إب,11
2017-07-15,Sana'a,25212,113,0.4,20.20,Sana'a,صنعاء,23
2017-07-15,Taizz,24303,157,0.6,8.00,Taizz,تعز,15
2017-07-15,Dhamar,23525,118,0.5,11.10,Dhamar,ذمار,20
2017-07-15,Al Mahwit,18963,115,0.6,24.90,Al Mahwit,المحويت,27
2017-07-15,Al Dhale'e,18902,73,0.4,25.10,Al Dhale'e,الضالع,30
2017-07-15,Aden,10518,48,0.5,11.00,Aden,عدن,24
2017-07-15,Al Bayda,10448,24,0.2,13.60,Al Bayda,البيضاء,14
2017-07-15,Abyan,9994,31,0.3,16.30,Abyan,أبين,12
2017-07-15,Raymah,6254,85,1.4,9.90,Raymah,ريمة,31
2017-07-15,Lahj,4540,16,0.4,4.30,Lahj,لحج,25
2017-07-15,Al_Jawf,2772,13,0.5,4.30,Al Jawf,الجوف,16
2017-07-15,Ma'areb,1687,4,0.2,4.70,Marib,مأرب,26
2017-07-15,Sa'ada,679,1,0.1,0.80,Sa'ada,صعدة,22
2017-07-15,AL Mahrah,484,1,0.2,3.00,Al Maharah,المهرة,28
2017-07-15,Shabwah,291,1,0.3,0.40,Shabwah,شبوة,21
2017-07-15,Say'on,4,0,0.0,0.00,#N/A,#N/A,#N/A
2017-07-14,Amanat Al Asimah,44755,56,0.1,13.50,Amanat Al Asimah,أمانة العاصمة,13
2017-07-14,Al-Hudaydah,40962,202,0.5,12.20,Al Hudaydah,الحديدة,18
2017-07-14,Hajjah,36643,345,0.9,16.50,Hajjah,حجة,17
2017-07-14,Amran,34994,149,0.4,22.90,Amran,عمران,29
2017-07-14,Ibb,26583,228,0.9,8.70,Ibb,إب,11
2017-07-14,Sana'a,24957,111,0.4,20.00,Sana'a,صنعاء,23
2017-07-14,Taizz,23870,155,0.6,7.90,Taizz,تعز,15
2017-07-14,Dhamar,22981,117,0.5,10.80,Dhamar,ذمار,20
2017-07-14,Al Dhale'e,18419,72,0.4,24.40,Al Dhale'e,الضالع,30
2017-07-14,Al Mahwit,18243,115,0.6,24.00,Al Mahwit,المحويت,27
2017-07-14,Aden,10347,48,0.5,10.80,Aden,عدن,24
2017-07-14,Al Bayda,10216,24,0.2,13.30,Al Bayda,البيضاء,14
2017-07-14,Abyan,9678,31,0.3,15.80,Abyan,أبين,12
2017-07-14,Raymah,6120,81,1.3,9.70,Raymah,ريمة,31
2017-07-14,Lahj,4536,16,0.4,4.30,Lahj,لحج,25
2017-07-14,Al_Jawf,2680,13,0.5,4.10,Al Jawf,الجوف,16
2017-07-14,Ma'areb,1643,4,0.2,4.60,Marib,مأرب,26
2017-07-14,Sa'ada,596,1,0.2,0.70,Sa'ada,صعدة,22
2017-07-14,AL Mahrah,462,1,0.2,2.80,Al Maharah,المهرة,28
2017-07-14,Shabwah,280,1,0.4,0.40,Shabwah,شبوة,21
2017-07-14,Say'on,4,0,0.0,0.00,#N/A,#N/A,#N/A
2017-07-13,Amanat Al Asimah,44187,56,0.1,13.40,Amanat Al Asimah,أمانة العاصمة,13
2017-07-13,Al-Hudaydah,40159,200,0.5,12.00,Al Hudaydah,الحديدة,18
2017-07-13,Hajjah,36136,344,1.0,16.30,Hajjah,حجة,17
2017-07-13,Amran,34462,149,0.4,22.50,Amran,عمران,29
2017-07-13,Ibb,26137,227,0.9,8.50,Ibb,إب,11
2017-07-13,Sana'a,24846,111,0.4,19.90,Sana'a,صنعاء,23
2017-07-13,Taizz,23446,154,0.7,7.70,Taizz,تعز,15
2017-07-13,Dhamar,22223,116,0.5,10.50,Dhamar,ذمار,20
2017-07-13,Al Dhale'e,18050,71,0.4,24.00,Al Dhale'e,الضالع,30
2017-07-13,Al Mahwit,17877,113,0.6,23.50,Al Mahwit,المحويت,27
2017-07-13,Aden,10209,48,0.5,10.70,Aden,عدن,24
2017-07-13,Al Bayda,10117,24,0.2,13.10,Al Bayda,البيضاء,14
2017-07-13,Abyan,9139,30,0.3,15.00,Abyan,أبين,12
2017-07-13,Raymah,6027,80,1.3,9.50,Raymah,ريمة,31
2017-07-13,Lahj,4108,16,0.4,3.90,Lahj,لحج,25
2017-07-13,Al_Jawf,2573,13,0.5,4.00,Al Jawf,الجوف,16
2017-07-13,Ma'areb,1642,4,0.2,4.60,Marib,مأرب,26
2017-07-13,Sa'ada,596,1,0.2,0.70,Sa'ada,صعدة,22
2017-07-13,AL Mahrah,445,1,0.2,2.70,Al Maharah,المهرة,28
2017-07-13,Shabwah,275,1,0.4,0.40,Shabwah,شبوة,21
2017-07-13,Say'on,4,0,0.0,0.00,#N/A,#N/A,#N/A
2017-07-12,Amanat Al Asimah,43578,56,0.1,13.20,Amanat Al Asimah,أمانة العاصمة,13
2017-07-12,Al-Hudaydah,39445,199,0.5,11.80,Al Hudaydah,الحديدة,18
2017-07-12,Hajjah,35336,338,1.0,15.90,Hajjah,حجة,17
2017-07-12,Amran,33861,149,0.4,22.10,Amran,عمران,29
2017-07-12,Ibb,25723,227,0.9,8.40,Ibb,إب,11
2017-07-12,Sana'a,24665,111,0.5,19.70,Sana'a,صنعاء,23
2017-07-12,Taizz,22905,150,0.7,7.60,Taizz,تعز,15
2017-07-12,Dhamar,21429,114,0.5,10.10,Dhamar,ذمار,20
2017-07-12,Al Dhale'e,18047,71,0.4,24.00,Al Dhale'e,الضالع,30
2017-07-12,Al Mahwit,16922,111,0.7,22.20,Al Mahwit,المحويت,27
2017-07-12,Aden,10009,48,0.5,10.50,Aden,عدن,24
2017-07-12,Al Bayda,9936,24,0.2,12.90,Al Bayda,البيضاء,14
2017-07-12,Abyan,8855,29,0.3,14.50,Abyan,أبين,12
2017-07-12,Raymah,5964,80,1.3,9.40,Raymah,ريمة,31
2017-07-12,Lahj,4103,16,0.4,3.90,Lahj,لحج,25
2017-07-12,Al_Jawf,2546,13,0.5,3.90,Al Jawf,الجوف,16
2017-07-12,Ma'areb,1521,4,0.3,4.20,Marib,مأرب,26
2017-07-12,Sa'ada,566,1,0.2,0.60,Sa'ada,صعدة,22
2017-07-12,AL Mahrah,427,1,0.2,2.60,Al Maharah,المهرة,28
2017-07-12,Shabwah,240,1,0.4,0.40,Shabwah,شبوة,21
2017-07-12,Say'on,4,0,0.0,0.00,#N/A,#N/A,#N/A
2017-07-11,Amanat Al Asimah,42765,56,0.1,12.90,Amanat Al Asimah,أمانة العاصمة,13
2017-07-11,Al-Hudaydah,38942,199,0.5,11.60,Al Hudaydah,الحديدة,18
2017-07-11,Hajjah,35310,338,1.0,15.90,Hajjah,حجة,17
2017-07-11,Amran,32625,149,0.5,21.30,Amran,عمران,29
2017-07-11,Ibb,25433,227,0.9,8.30,Ibb,إب,11
2017-07-11,Sana'a,24360,111,0.5,19.50,Sana'a,صنعاء,23
2017-07-11,Taizz,22903,150,0.7,7.50,Taizz,تعز,15
2017-07-11,Dhamar,20848,114,0.5,9.80,Dhamar,ذمار,20
2017-07-11,Al Dhale'e,17622,71,0.4,23.40,Al Dhale'e,الضالع,30
2017-07-11,Al Mahwit,16444,111,0.7,21.60,Al Mahwit,المحويت,27
2017-07-11,Aden,9810,48,0.5,10.30,Aden,عدن,24
2017-07-11,Al Bayda,9385,24,0.3,12.20,Al Bayda,البيضاء,14
2017-07-11,Abyan,8602,28,0.3,14.10,Abyan,أبين,12
2017-07-11,Raymah,5870,80,1.4,9.30,Raymah,ريمة,31
2017-07-11,Lahj,4097,16,0.4,3.90,Lahj,لحج,25
2017-07-11,Al_Jawf,2473,13,0.5,3.80,Al Jawf,الجوف,16
2017-07-11,Ma'areb,1521,4,0.3,4.20,Marib,مأرب,26
2017-07-11,Sa'ada,534,1,0.2,0.60,Sa'ada,صعدة,22
2017-07-11,AL Mahrah,411,1,0.2,2.50,Al Maharah,المهرة,28
2017-07-11,Shabwah,240,1,0.4,0.40,Shabwah,شبوة,21
2017-07-11,Say'on,4,0,0.0,0.00,#N/A,#N/A,#N/A
2017-07-10,Amanat Al Asimah,42142,56,0.1,12.70,Amanat Al Asimah,أمانة العاصمة,13
2017-07-10,Al-Hudaydah,38566,199,0.5,11.50,Al Hudaydah,الحديدة,18
2017-07-10,Hajjah,34249,335,1.0,15.40,Hajjah,حجة,17
2017-07-10,Amran,32611,149,0.5,21.30,Amran,عمران,29
2017-07-10,Ibb,24834,225,0.9,8.10,Ibb,إب,11
2017-07-10,Sana'a,23971,110,0.5,19.20,Sana'a,صنعاء,23
2017-07-10,Taizz,22466,150,0.7,7.40,Taizz,تعز,15
2017-07-10,Dhamar,20135,114,0.6,9.50,Dhamar,ذمار,20
2017-07-10,Al Dhale'e,16624,71,0.4,22.10,Al Dhale'e,الضالع,30
2017-07-10,Al Mahwit,15819,108,0.7,20.80,Al Mahwit,المحويت,27
2017-07-10,Aden,9618,48,0.5,10.10,Aden,عدن,24
2017-07-10,Al Bayda,9383,24,0.3,12.20,Al Bayda,البيضاء,14
2017-07-10,Abyan,8270,27,0.3,13.50,Abyan,أبين,12
2017-07-10,Raymah,5786,80,1.4,9.10,Raymah,ريمة,31
2017-07-10,Lahj,4090,16,0.4,3.90,Lahj,لحج,25
2017-07-10,Al_Jawf,2375,13,0.5,3.70,Al Jawf,الجوف,16
2017-07-10,Ma'areb,1454,4,0.3,4.00,Marib,مأرب,26
2017-07-10,Sa'ada,517,1,0.2,0.60,Sa'ada,صعدة,22
2017-07-10,AL Mahrah,400,1,0.3,2.50,Al Maharah,المهرة,28
2017-07-10,Shabwah,224,1,0.4,0.30,Shabwah,شبوة,21
2017-07-10,Say'on,4,0,0.0,0.00,#N/A,#N/A,#N/A
2017-07-07,Amanat Al Asimah,40840,54,0.1,12.30,Amanat Al Asimah,أمانة العاصمة,13
2017-07-07,Al-Hudaydah,36379,196,0.5,10.90,Al Hudaydah,الحديدة,18
2017-07-07,Hajjah,31907,325,1.0,14.40,Hajjah,حجة,17
2017-07-07,Amran,31424,147,0.5,20.50,Amran,عمران,29
2017-07-07,Sana'a,23261,110,0.5,18.60,Sana'a,صنعاء,23
2017-07-07,Ibb,23129,225,1.0,7.50,Ibb,إب,11
2017-07-07,Taizz,21836,146,0.7,7.20,Taizz,تعز,15
2017-07-07,Dhamar,18840,113,0.6,8.90,Dhamar,ذمار,20
2017-07-07,Al Dhale'e,15166,70,0.5,20.10,Al Dhale'e,الضالع,30
2017-07-07,Al Mahwit,14921,108,0.7,19.60,Al Mahwit,المحويت,27
2017-07-07,Al Bayda,9028,24,0.3,11.70,Al Bayda,البيضاء,14
2017-07-07,Aden,8948,48,0.5,9.40,Aden,عدن,24
2017-07-07,Abyan,7582,27,0.4,12.40,Abyan,أبين,12
2017-07-07,Raymah,5534,78,1.4,8.70,Raymah,ريمة,31
2017-07-07,Lahj,4072,16,0.4,3.90,Lahj,لحج,25
2017-07-07,Al_Jawf,2209,13,0.6,3.40,Al Jawf,الجوف,16
2017-07-07,Ma'areb,1335,4,0.3,3.70,Marib,مأرب,26
2017-07-07,Sa'ada,477,1,0.2,0.50,Sa'ada,صعدة,22
2017-07-07,AL Mahrah,355,1,0.3,2.20,Al Maharah,المهرة,28
2017-07-07,Shabwah,189,0,0.0,0.30,Shabwah,شبوة,21
2017-07-07,Say'on,4,0,0.0,0.00,#N/A,#N/A,#N/A
2017-07-07,Moklla,2,0,0.0,0.00,#N/A,#N/A,#N/A
2017-07-06,Amanat Al Asimah,40477,54,0.1,12.20,Amanat Al Asimah,أمانة العاصمة,13
2017-07-06,Al-Hudaydah,35646,193,0.5,10.70,Al Hudaydah,الحديدة,18
2017-07-06,Hajjah,31329,312,1.0,14.10,Hajjah,حجة,17
2017-07-06,Amran,30827,146,0.5,20.20,Amran,عمران,29
2017-07-06,Sana'a,23017,109,0.5,18.40,Sana'a,صنعاء,23
2017-07-06,Ibb,22737,223,1.0,7.40,Ibb,إب,11
2017-07-06,Taizz,21421,146,0.7,7.10,Taizz,تعز,15
2017-07-06,Dhamar,18124,112,0.6,8.50,Dhamar,ذمار,20
2017-07-06,Al Dhale'e,14628,65,0.4,19.40,Al Dhale'e,الضالع,30
2017-07-06,Al Mahwit,14572,108,0.7,19.20,Al Mahwit,المحويت,27
2017-07-06,Al Bayda,8898,24,0.3,11.60,Al Bayda,البيضاء,14
2017-07-06,Aden,8519,46,0.5,8.90,Aden,عدن,24
2017-07-06,Abyan,7293,27,0.4,11.90,Abyan,أبين,12
2017-07-06,Raymah,5517,78,1.4,8.70,Raymah,ريمة,31
2017-07-06,Lahj,4063,16,0.4,3.90,Lahj,لحج,25
2017-07-06,Al_Jawf,2208,13,0.6,3.40,Al Jawf,الجوف,16
2017-07-06,Ma'areb,1279,4,0.3,3.60,Marib,مأرب,26
2017-07-06,Sa'ada,466,1,0.2,0.50,Sa'ada,صعدة,22
2017-07-06,AL Mahrah,338,1,0.3,2.10,Al Maharah,المهرة,28
2017-07-06,Shabwah,189,0,0.0,0.30,Shabwah,شبوة,21
2017-07-06,Say'on,4,0,0.0,0.00,#N/A,#N/A,#N/A
2017-07-06,Moklla,2,0,0.0,0.00,#N/A,#N/A,#N/A
2017-07-05,Amanat Al Asimah,39972,53,0.1,12.10,Amanat Al Asimah,أمانة العاصمة,13
2017-07-05,Al-Hudaydah,34579,189,0.5,10.30,Al Hudaydah,الحديدة,18
2017-07-05,Hajjah,30271,308,1.0,13.60,Hajjah,حجة,17
2017-07-05,Amran,30135,146,0.5,19.70,Amran,عمران,29
2017-07-05,Sana'a,22651,108,0.5,18.10,Sana'a,صنعاء,23
2017-07-05,Ibb,22124,220,1.0,7.20,Ibb,إب,11
2017-07-05,Taizz,21189,146,0.7,7.00,Taizz,تعز,15
2017-07-05,Dhamar,17404,112,0.6,8.20,Dhamar,ذمار,20
2017-07-05,Al Mahwit,14193,108,0.8,18.70,Al Mahwit,المحويت,27
2017-07-05,Al Dhale'e,13573,60,0.4,18.00,Al Dhale'e,الضالع,30
2017-07-05,Al Bayda,8716,24,0.3,11.30,Al Bayda,البيضاء,14
2017-07-05,Aden,8519,46,0.5,8.90,Aden,عدن,24
2017-07-05,Abyan,6971,27,0.4,11.40,Abyan,أبين,12
2017-07-05,Raymah,5388,75,1.4,8.50,Raymah,ريمة,31
2017-07-05,Lahj,4063,16,0.4,3.90,Lahj,لحج,25
2017-07-05,Al_Jawf,2158,13,0.6,3.30,Al Jawf,الجوف,16
2017-07-05,Ma'areb,1221,4,0.3,3.40,Marib,مأرب,26
2017-07-05,Sa'ada,450,1,0.2,0.50,Sa'ada,صعدة,22
2017-07-05,AL Mahrah,332,1,0.3,2.00,Al Maharah,المهرة,28
2017-07-05,Shabwah,189,0,0.0,0.30,Shabwah,شبوة,21
2017-07-05,Moklla,2,0,0.0,0.00,#N/A,#N/A,#N/A
2017-07-04,Amanat Al Asimah,39316,53,0.1,11.90,Amanat Al Asimah,أمانة العاصمة,13
2017-07-04,Al-Hudaydah,33616,188,0.6,10.00,Al Hudaydah,الحديدة,18
2017-07-04,Hajjah,29800,304,1.0,13.40,Hajjah,حجة,17
2017-07-04,Amran,29533,146,0.5,19.30,Amran,عمران,29
2017-07-04,Sana'a,22242,108,0.5,17.80,Sana'a,صنعاء,23
2017-07-04,Ibb,21306,220,1.0,7.00,Ibb,إب,11
2017-07-04,Taizz,20637,142,0.7,6.80,Taizz,تعز,15
2017-07-04,Dhamar,16817,111,0.7,7.90,Dhamar,ذمار,20
2017-07-04,Al Mahwit,13811,104,0.8,18.20,Al Mahwit,المحويت,27
2017-07-04,Al Dhale'e,12375,57,0.5,16.40,Al Dhale'e,الضالع,30
2017-07-04,Al Bayda,8522,21,0.2,11.10,Al Bayda,البيضاء,14
2017-07-04,Aden,8349,46,0.6,8.70,Aden,عدن,24
2017-07-04,Abyan,6682,27,0.4,10.90,Abyan,أبين,12
2017-07-04,Raymah,5086,74,1.5,8.00,Raymah,ريمة,31
2017-07-04,Lahj,3754,16,0.4,3.60,Lahj,لحج,25
2017-07-04,Al_Jawf,2073,11,0.5,3.20,Al Jawf,الجوف,16
2017-07-04,Ma'areb,1129,4,0.4,3.10,Marib,مأرب,26
2017-07-04,Sa'ada,429,1,0.2,0.50,Sa'ada,صعدة,22
2017-07-04,AL Mahrah,319,1,0.3,2.00,Al Maharah,المهرة,28
2017-07-04,Shabwah,189,0,0.0,0.30,Shabwah,شبوة,21
2017-07-04,Moklla,2,0,0.0,0.00,#N/A,#N/A,#N/A
2017-07-03,Amanat Al Asimah,38638,53,0.1,11.70,Amanat Al Asimah,أمانة العاصمة,13
2017-07-03,Al-Hudaydah,32778,186,0.6,9.80,Al Hudaydah,الحديدة,18
2017-07-03,Hajjah,29255,297,1.0,13.20,Hajjah,حجة,17
2017-07-03,Amran,28853,145,0.5,18.90,Amran,عمران,29
2017-07-03,Sana'a,21831,105,0.5,17.50,Sana'a,صنعاء,23
2017-07-03,Ibb,20671,219,1.1,6.70,Ibb,إب,11
2017-07-03,Taizz,20222,141,0.7,6.70,Taizz,تعز,15
2017-07-03,Dhamar,16133,109,0.7,7.60,Dhamar,ذمار,20
2017-07-03,Al Mahwit,13465,101,0.8,17.70,Al Mahwit,المحويت,27
2017-07-03,Al Dhale'e,12371,57,0.5,16.40,Al Dhale'e,الضالع,30
2017-07-03,Al Bayda,8307,21,0.3,10.80,Al Bayda,البيضاء,14
2017-07-03,Aden,8100,46,0.6,8.50,Aden,عدن,24
2017-07-03,Abyan,6314,27,0.4,10.30,Abyan,أبين,12
2017-07-03,Raymah,5083,74,1.5,8.00,Raymah,ريمة,31
2017-07-03,Lahj,3608,16,0.4,3.40,Lahj,لحج,25
2017-07-03,Al_Jawf,2008,11,0.5,3.10,Al Jawf,الجوف,16
2017-07-03,Ma'areb,1075,4,0.4,3.00,Marib,مأرب,26
2017-07-03,Sa'ada,423,1,0.2,0.50,Sa'ada,صعدة,22
2017-07-03,AL Mahrah,306,1,0.3,1.90,Al Maharah,المهرة,28
2017-07-03,Shabwah,165,0,0.0,0.30,Shabwah,شبوة,21
2017-07-03,Moklla,2,0,0.0,0.00,#N/A,#N/A,#N/A
2017-07-02,Amanat Al Asimah,37981,53,0.1,11.50,Amanat Al Asimah,أمانة العاصمة,13
2017-07-02,Al-Hudaydah,31889,184,0.6,9.50,Al Hudaydah,الحديدة,18
2017-07-02,Hajjah,29095,288,1.0,13.10,Hajjah,حجة,17
2017-07-02,Amran,28058,144,0.5,18.30,Amran,عمران,29
2017-07-02,Sana'a,21157,103,0.5,16.90,Sana'a,صنعاء,23
2017-07-02,Ibb,19993,216,1.1,6.50,Ibb,إب,11
2017-07-02,Taizz,19079,134,0.7,6.30,Taizz,تعز,15
2017-07-02,Dhamar,15443,109,0.7,7.30,Dhamar,ذمار,20
2017-07-02,Al Mahwit,13228,101,0.8,17.40,Al Mahwit,المحويت,27
2017-07-02,Al Dhale'e,12360,57,0.5,16.40,Al Dhale'e,الضالع,30
2017-07-02,Al Bayda,8067,21,0.3,10.50,Al Bayda,البيضاء,14
2017-07-02,Aden,7939,46,0.6,8.30,Aden,عدن,24
2017-07-02,Abyan,5976,25,0.4,9.80,Abyan,أبين,12
2017-07-02,Raymah,4937,73,1.5,7.80,Raymah,ريمة,31
2017-07-02,Lahj,3597,16,0.4,3.40,Lahj,لحج,25
2017-07-02,Al_Jawf,1933,11,0.6,3.00,Al Jawf,الجوف,16
2017-07-02,Ma'areb,1048,4,0.4,2.90,Marib,مأرب,26
2017-07-02,Sa'ada,415,1,0.2,0.50,Sa'ada,صعدة,22
2017-07-02,AL Mahrah,293,1,0.3,1.80,Al Maharah,المهرة,28
2017-07-02,Shabwah,160,0,0.0,0.20,Shabwah,شبوة,21
2017-07-02,Moklla,2,0,0.0,0.00,#N/A,#N/A,#N/A
2017-07-01,Amanat Al Asimah,36915,53,0.1,11.20,Amanat Al Asimah,أمانة العاصمة,13
2017-07-01,Al-Hudaydah,30794,177,0.6,9.20,Al Hudaydah,الحديدة,18
2017-07-01,Hajjah,27672,288,1.0,12.50,Hajjah,حجة,17
2017-07-01,Amran,27287,143,0.5,17.80,Amran,عمران,29
2017-07-01,Sana'a,20546,99,0.5,16.40,Sana'a,صنعاء,23
2017-07-01,Ibb,19194,216,1.1,6.30,Ibb,إب,11
2017-07-01,Taizz,18729,132,0.7,6.20,Taizz,تعز,15
2017-07-01,Dhamar,14708,106,0.7,6.90,Dhamar,ذمار,20
2017-07-01,Al Mahwit,12936,100,0.8,17.00,Al Mahwit,المحويت,27
2017-07-01,Al Dhale'e,11196,54,0.5,14.90,Al Dhale'e,الضالع,30
2017-07-01,Al Bayda,7866,21,0.3,10.20,Al Bayda,البيضاء,14
2017-07-01,Aden,7775,46,0.6,8.10,Aden,عدن,24
2017-07-01,Abyan,5338,24,0.4,8.70,Abyan,أبين,12
2017-07-01,Raymah,4829,71,1.5,7.60,Raymah,ريمة,31
2017-07-01,Lahj,3339,14,0.4,3.20,Lahj,لحج,25
2017-07-01,Al_Jawf,1865,10,0.5,2.90,Al Jawf,الجوف,16
2017-07-01,Ma'areb,993,4,0.4,2.80,Marib,مأرب,26
2017-07-01,Sa'ada,398,1,0.3,0.40,Sa'ada,صعدة,22
2017-07-01,AL Mahrah,284,1,0.4,1.70,Al Maharah,المهرة,28
2017-07-01,Shabwah,152,0,0.0,0.20,Shabwah,شبوة,21
2017-07-01,Moklla,2,0,0.0,0.00,#N/A,#N/A,#N/A
2017-06-30,Amanat Al Asimah,36240,53,0.1,11.00,Amanat Al Asimah,أمانة العاصمة,13
2017-06-30,Al-Hudaydah,30025,172,0.6,9.00,Al Hudaydah,الحديدة,18
2017-06-30,Hajjah,27158,268,1.0,12.20,Hajjah,حجة,17
2017-06-30,Amran,26866,142,0.5,17.60,Amran,عمران,29
2017-06-30,Sana'a,20361,99,0.5,16.30,Sana'a,صنعاء,23
2017-06-30,Ibb,18663,215,1.2,6.10,Ibb,إب,11
2017-06-30,Taizz,18139,126,0.7,6.00,Taizz,تعز,15
2017-06-30,Dhamar,14006,102,0.7,6.60,Dhamar,ذمار,20
2017-06-30,Al Mahwit,12648,99,0.8,16.60,Al Mahwit,المحويت,27
2017-06-30,Al Dhale'e,11195,54,0.5,14.90,Al Dhale'e,الضالع,30
2017-06-30,Al Bayda,7641,21,0.3,9.90,Al Bayda,البيضاء,14
2017-06-30,Aden,7507,46,0.6,7.80,Aden,عدن,24
2017-06-30,Abyan,5016,23,0.5,8.20,Abyan,أبين,12
2017-06-30,Raymah,4567,67,1.5,7.20,Raymah,ريمة,31
2017-06-30,Lahj,3320,14,0.4,3.20,Lahj,لحج,25
2017-06-30,Al_Jawf,1776,10,0.6,2.70,Al Jawf,الجوف,16
2017-06-30,Ma'areb,958,4,0.4,2.70,Marib,مأرب,26
2017-06-30,Sa'ada,385,1,0.3,0.40,Sa'ada,صعدة,22
2017-06-30,AL Mahrah,268,1,0.4,1.70,Al Maharah,المهرة,28
2017-06-30,Shabwah,126,0,0.0,0.20,Shabwah,شبوة,21
2017-06-30,Moklla,2,0,0.0,0.00,#N/A,#N/A,#N/A
2017-06-29,Amanat Al Asimah,35693,53,0.1,10.80,Amanat Al Asimah,أمانة العاصمة,13
2017-06-29,Al-Hudaydah,29089,169,0.6,8.70,Al Hudaydah,الحديدة,18
2017-06-29,Amran,26847,142,0.5,17.50,Amran,عمران,29
2017-06-29,Hajjah,25335,243,1.0,11.40,Hajjah,حجة,17
2017-06-29,Sana'a,19898,99,0.5,15.90,Sana'a,صنعاء,23
2017-06-29,Ibb,17889,207,1.2,5.80,Ibb,إب,11
2017-06-29,Taizz,17636,126,0.7,5.80,Taizz,تعز,15
2017-06-29,Dhamar,13433,100,0.7,6.30,Dhamar,ذمار,20
2017-06-29,Al Mahwit,12128,97,0.8,15.90,Al Mahwit,المحويت,27
2017-06-29,Al Dhale'e,11192,54,0.5,14.90,Al Dhale'e,الضالع,30
2017-06-29,Al Bayda,7540,21,0.3,9.80,Al Bayda,البيضاء,14
2017-06-29,Aden,7315,46,0.6,7.60,Aden,عدن,24
2017-06-29,Abyan,4783,22,0.5,7.80,Abyan,أبين,12
2017-06-29,Raymah,4396,67,1.5,6.90,Raymah,ريمة,31
2017-06-29,Lahj,3026,13,0.4,2.90,Lahj,لحج,25
2017-06-29,Al_Jawf,1580,10,0.6,2.40,Al Jawf,الجوف,16
2017-06-29,Ma'areb,906,4,0.4,2.50,Marib,مأرب,26
2017-06-29,Sa'ada,372,1,0.3,0.40,Sa'ada,صعدة,22
2017-06-29,AL Mahrah,243,1,0.4,1.50,Al Maharah,المهرة,28
2017-06-29,Shabwah,126,0,0.0,0.20,Shabwah,شبوة,21
2017-06-28,Amanat Al Asimah,35060,53,0.2,10.60,Amanat Al Asimah,أمانة العاصمة,13
2017-06-28,Al-Hudaydah,28423,164,0.6,8.50,Al Hudaydah,الحديدة,18
2017-06-28,Amran,25156,140,0.6,16.40,Amran,عمران,29
2017-06-28,Hajjah,24819,223,0.9,11.20,Hajjah,حجة,17
2017-06-28,Sana'a,19130,98,0.5,15.30,Sana'a,صنعاء,23
2017-06-28,Taizz,17265,123,0.7,5.70,Taizz,تعز,15
2017-06-28,Ibb,17135,206,1.2,5.60,Ibb,إب,11
2017-06-28,Dhamar,12837,100,0.8,6.10,Dhamar,ذمار,20
2017-06-28,Al Mahwit,11763,96,0.8,15.50,Al Mahwit,المحويت,27
2017-06-28,Al Dhale'e,10610,54,0.5,14.10,Al Dhale'e,الضالع,30
2017-06-28,Al Bayda,7345,19,0.3,9.50,Al Bayda,البيضاء,14
2017-06-28,Aden,7007,46,0.7,7.30,Aden,عدن,24
2017-06-28,Abyan,4513,22,0.5,7.40,Abyan,أبين,12
2017-06-28,Raymah,4202,66,1.6,6.60,Raymah,ريمة,31
2017-06-28,Lahj,3014,13,0.4,2.90,Lahj,لحج,25
2017-06-28,Al_Jawf,1577,10,0.6,2.40,Al Jawf,الجوف,16
2017-06-28,Ma'areb,805,4,0.5,2.20,Marib,مأرب,26
2017-06-28,Sa'ada,346,1,0.3,0.40,Sa'ada,صعدة,22
2017-06-28,AL Mahrah,243,1,0.4,1.50,Al Maharah,المهرة,28
2017-06-28,Shabwah,114,0,0.0,0.20,Shabwah,شبوة,21
2017-06-27,Amanat Al Asimah,34312,53,0.2,10.40,Amanat Al Asimah,أمانة العاصمة,13
2017-06-27,Al-Hudaydah,27821,164,0.6,8.30,Al Hudaydah,الحديدة,18
2017-06-27,Hajjah,24580,223,9.0,11.10,Hajjah,حجة,17
2017-06-27,Amran,24373,139,0.6,15.90,Amran,عمران,29
2017-06-27,Sana'a,18672,98,0.5,14.90,Sana'a,صنعاء,23
2017-06-27,Taizz,17042,121,0.7,5.60,Taizz,تعز,15
2017-06-27,Ibb,16662,197,1.2,5.40,Ibb,إب,11
2017-06-27,Dhamar,12337,96,0.8,5.80,Dhamar,ذمار,20
2017-06-27,Al Mahwit,11320,95,0.8,14.90,Al Mahwit,المحويت,27
2017-06-27,Al Dhale'e,10183,52,0.5,13.50,Al Dhale'e,الضالع,30
2017-06-27,Al Bayda,7210,19,0.3,9.40,Al Bayda,البيضاء,14
2017-06-27,Aden,6757,44,0.7,7.10,Aden,عدن,24
2017-06-27,Abyan,4092,22,0.5,6.70,Abyan,أبين,12
2017-06-27,Raymah,3941,64,1.6,6.20,Raymah,ريمة,31
2017-06-27,Lahj,2794,13,0.5,2.70,Lahj,لحج,25
2017-06-27,Al_Jawf,1440,10,0.7,2.20,Al Jawf,الجوف,16
2017-06-27,Ma'areb,805,4,0.5,2.20,Marib,مأرب,26
2017-06-27,Sa'ada,324,1,0.3,0.40,Sa'ada,صعدة,22
2017-06-27,AL Mahrah,229,1,0.4,1.40,Al Maharah,المهرة,28
2017-06-27,Shabwah,95,0,0.0,0.10,Shabwah,شبوة,21
2017-06-26,Amanat Al Asimah,33349,53,0.2,10.10,Amanat Al Asimah,أمانة العاصمة,13
2017-06-26,Al-Hudaydah,26893,160,0.6,8.00,Al Hudaydah,الحديدة,18
2017-06-26,Hajjah,24566,223,0.9,11.10,Hajjah,حجة,17
2017-06-26,Amran,23402,137,0.6,15.30,Amran,عمران,29
2017-06-26,Sana'a,18145,97,0.5,14.50,Sana'a,صنعاء,23
2017-06-26,Ibb,16489,193,1.2,5.40,Ibb,إب,11
2017-06-26,Taizz,16388,121,0.7,5.40,Taizz,تعز,15
2017-06-26,Dhamar,11742,94,0.8,5.50,Dhamar,ذمار,20
2017-06-26,Al Mahwit,10892,93,0.9,14.30,Al Mahwit,المحويت,27
2017-06-26,Al Dhale'e,9746,51,0.5,12.90,Al Dhale'e,الضالع,30
2017-06-26,Al Bayda,7210,19,0.3,9.40,Al Bayda,البيضاء,14
2017-06-26,Aden,6469,44,0.7,6.80,Aden,عدن,24
2017-06-26,Abyan,4086,22,0.5,6.70,Abyan,أبين,12
2017-06-26,Raymah,3935,64,1.6,6.20,Raymah,ريمة,31
2017-06-26,Lahj,2779,13,0.5,2.60,Lahj,لحج,25
2017-06-26,Al_Jawf,1388,10,0.7,2.10,Al Jawf,الجوف,16
2017-06-26,Ma'areb,728,4,0.5,2.00,Marib,مأرب,26
2017-06-26,Sa'ada,297,1,0.3,0.30,Sa'ada,صعدة,22
2017-06-26,AL Mahrah,214,1,0.5,1.30,Al Maharah,المهرة,28
2017-06-26,Shabwah,80,0,0.0,0.10,Shabwah,شبوة,21
2017-06-25,Amanat Al Asimah,32812,53,0.2,9.90,Amanat Al Asimah,أمانة العاصمة,13
2017-06-25,Al-Hudaydah,26256,159,0.6,7.80,Al Hudaydah,الحديدة,18
2017-06-25,Hajjah,23550,213,0.9,10.60,Hajjah,حجة,17
2017-06-25,Amran,22830,133,0.6,14.90,Amran,عمران,29
2017-06-25,Sana'a,17418,95,0.5,13.90,Sana'a,صنعاء,23
2017-06-25,Ibb,16236,191,1.2,5.30,Ibb,إب,11
2017-06-25,Taizz,15995,120,0.8,5.30,Taizz,تعز,15
2017-06-25,Dhamar,11251,92,0.8,5.30,Dhamar,ذمار,20
2017-06-25,Al Mahwit,10500,89,0.8,13.80,Al Mahwit,المحويت,27
2017-06-25,Al Dhale'e,9171,49,0.5,12.20,Al Dhale'e,الضالع,30
2017-06-25,Al Bayda,7034,19,0.3,9.10,Al Bayda,البيضاء,14
2017-06-25,Aden,6205,42,0.7,6.50,Aden,عدن,24
2017-06-25,Abyan,3955,22,0.6,6.50,Abyan,أبين,12
2017-06-25,Raymah,3856,63,1.6,6.10,Raymah,ريمة,31
2017-06-25,Lahj,2503,12,0.5,2.40,Lahj,لحج,25
2017-06-25,Al_Jawf,1302,10,0.8,2.00,Al Jawf,الجوف,16
2017-06-25,Ma'areb,696,4,0.6,1.90,Marib,مأرب,26
2017-06-25,Sa'ada,276,1,0.4,0.30,Sa'ada,صعدة,22
2017-06-25,AL Mahrah,201,1,0.5,1.20,Al Maharah,المهرة,28
2017-06-25,Shabwah,70,0,0.0,0.10,Shabwah,شبوة,21
2017-06-24,Amanat Al Asimah,32455,53,0.2,9.80,Amanat Al Asimah,أمانة العاصمة,13
2017-06-24,Al-Hudaydah,25771,157,0.6,7.70,Al Hudaydah,الحديدة,18
2017-06-24,Hajjah,23400,201,0.9,10.50,Hajjah,حجة,17
2017-06-24,Amran,22089,133,0.6,14.40,Amran,عمران,29
2017-06-24,Sana'a,17134,95,0.6,13.70,Sana'a,صنعاء,23
2017-06-24,Taizz,15817,120,0.8,5.20,Taizz,تعز,15
2017-06-24,Ibb,15785,187,1.2,5.10,Ibb,إب,11
2017-06-24,Dhamar,10894,92,0.8,5.10,Dhamar,ذمار,20
2017-06-24,Al Mahwit,10305,88,0.9,13.50,Al Mahwit,المحويت,27
2017-06-24,Al Dhale'e,8896,46,0.5,11.80,Al Dhale'e,الضالع,30
2017-06-24,Al Bayda,6920,18,0.3,9.00,Al Bayda,البيضاء,14
2017-06-24,Aden,6048,41,0.7,6.30,Aden,عدن,24
2017-06-24,Abyan,3953,22,0.6,6.50,Abyan,أبين,12
2017-06-24,Raymah,3852,63,1.6,6.10,Raymah,ريمة,31
2017-06-24,Lahj,2496,12,0.5,2.40,Lahj,لحج,25
2017-06-24,Al_Jawf,1190,10,0.8,1.80,Al Jawf,الجوف,16
2017-06-24,Ma'areb,683,4,0.6,1.90,Marib,مأرب,26
2017-06-24,Sa'ada,253,1,0.4,0.30,Sa'ada,صعدة,22
2017-06-24,AL Mahrah,192,1,0.5,1.20,Al Maharah,المهرة,28
2017-06-24,Shabwah,70,0,0.0,0.10,Shabwah,شبوة,21
2017-06-23,Amanat Al Asimah,31660,53,0.2,9.60,Amanat Al Asimah,أمانة العاصمة,13
2017-06-23,Al-Hudaydah,24876,155,0.6,7.40,Al Hudaydah,الحديدة,18
2017-06-23,Hajjah,21800,195,0.9,9.80,Hajjah,حجة,17
2017-06-23,Amran,21426,133,0.6,14.00,Amran,عمران,29
2017-06-23,Sana'a,16641,95,0.6,13.30,Sana'a,صنعاء,23
2017-06-23,Taizz,15360,115,0.7,5.10,Taizz,تعز,15
2017-06-23,Ibb,15093,186,1.2,4.90,Ibb,إب,11
2017-06-23,Dhamar,10654,90,0.8,5.00,Dhamar,ذمار,20
2017-06-23,Al Mahwit,10035,77,0.8,13.20,Al Mahwit,المحويت,27
2017-06-23,Al Dhale'e,8445,41,0.5,11.20,Al Dhale'e,الضالع,30
2017-06-23,Al Bayda,6752,18,0.3,8.80,Al Bayda,البيضاء,14
2017-06-23,Aden,5799,41,0.7,6.10,Aden,عدن,24
2017-06-23,Abyan,3762,21,0.6,6.20,Abyan,أبين,12
2017-06-23,Raymah,3747,63,1.7,5.90,Raymah,ريمة,31
2017-06-23,Lahj,2170,12,0.6,2.10,Lahj,لحج,25
2017-06-23,Al_Jawf,1070,9,0.8,1.60,Al Jawf,الجوف,16
2017-06-23,Ma'areb,629,4,0.6,1.70,Marib,مأرب,26
2017-06-23,Sa'ada,253,1,0.4,0.30,Sa'ada,صعدة,22
2017-06-23,AL Mahrah,178,1,0.6,1.10,Al Maharah,المهرة,28
2017-06-23,Shabwah,70,0,0.0,0.10,Shabwah,شبوة,21
2017-06-22,Amanat Al Asimah,30882,53,0.2,0.93,Amanat Al Asimah,أمانة العاصمة,13
2017-06-22,Al-Hudaydah,23944,137,0.6,0.72,Al Hudaydah,الحديدة,18
2017-06-22,Amran,20703,131,0.6,1.35,Amran,عمران,29
2017-06-22,Hajjah,20206,188,0.9,0.91,Hajjah,حجة,17
2017-06-22,Sana'a,16155,92,0.6,1.29,Sana'a,صنعاء,23
2017-06-22,Taizz,15084,111,0.7,0.50,Taizz,تعز,15
2017-06-22,Ibb,14778,183,1.2,0.48,Ibb,إب,11
2017-06-22,Dhamar,10234,87,0.9,0.48,Dhamar,ذمار,20
2017-06-22,Al Mahwit,9744,77,0.8,1.28,Al Mahwit,المحويت,27
2017-06-22,Al Dhale'e,7593,39,0.5,1.01,Al Dhale'e,الضالع,30
2017-06-22,Al Bayda,6667,18,0.3,0.87,Al Bayda,البيضاء,14
2017-06-22,Aden,5634,40,0.7,0.59,Aden,عدن,24
2017-06-22,Abyan,3635,21,0.6,0.59,Abyan,أبين,12
2017-06-22,Raymah,3485,61,1.8,0.55,Raymah,ريمة,31
2017-06-22,Lahj,2163,12,0.6,0.21,Lahj,لحج,25
2017-06-22,Al_Jawf,1006,9,0.9,0.16,Al Jawf,الجوف,16
2017-06-22,Ma'areb,594,4,0.7,0.17,Marib,مأرب,26
2017-06-22,Sa'ada,253,1,0.4,0.03,Sa'ada,صعدة,22
2017-06-22,AL Mahrah,165,1,0.6,0.10,Al Maharah,المهرة,28
2017-06-22,Shabwah,58,0,0.0,0.01,Shabwah,شبوة,21
2017-06-21,Amanat Al Asimah,30178,53,0.2,9.10,Amanat Al Asimah,أمانة العاصمة,13
2017-06-21,Al-Hudaydah,22894,125,0.5,6.80,Al Hudaydah,الحديدة,18
2017-06-21,Amran,19965,129,0.6,13.10,Amran,عمران,29
2017-06-21,Hajjah,18951,187,1.0,8.50,Hajjah,حجة,17
2017-06-21,Sana'a,15251,87,0.6,12.20,Sana'a,صنعاء,23
2017-06-21,Taizz,14513,108,0.7,4.80,Taizz,تعز,15
2017-06-21,Ibb,14088,178,1.3,4.60,Ibb,إب,11
2017-06-21,Dhamar,9815,86,0.9,4.60,Dhamar,ذمار,20
2017-06-21,Al Mahwit,9466,77,0.8,12.40,Al Mahwit,المحويت,27
2017-06-21,Al Dhale'e,7582,39,0.5,10.10,Al Dhale'e,الضالع,30
2017-06-21,Al Bayda,6503,18,0.3,8.40,Al Bayda,البيضاء,14
2017-06-21,Aden,5470,40,0.7,5.70,Aden,عدن,24
2017-06-21,Abyan,3309,21,0.6,5.40,Abyan,أبين,12
2017-06-21,Raymah,3306,59,1.8,5.20,Raymah,ريمة,31
2017-06-21,Lahj,2147,12,0.6,2.00,Lahj,لحج,25
2017-06-21,Al_Jawf,934,9,1.0,1.40,Al Jawf,الجوف,16
2017-06-21,Ma'areb,517,3,0.6,1.40,Marib,مأرب,26
2017-06-21,Sa'ada,210,1,0.5,0.20,Sa'ada,صعدة,22
2017-06-21,AL Mahrah,151,1,0.7,0.90,Al Maharah,المهرة,28
2017-06-21,Shabwah,51,0,0.0,0.10,Shabwah,شبوة,21
2017-06-20,Amanat Al Asimah,29229,52,0.2,8.80,Amanat Al Asimah,أمانة العاصمة,13
2017-06-20,Al-Hudaydah,21938,117,0.5,6.60,Al Hudaydah,الحديدة,18
2017-06-20,Amran,19147,127,0.7,12.50,Amran,عمران,29
2017-06-20,Hajjah,18715,186,1.0,8.40,Hajjah,حجة,17
2017-06-20,Sana'a,15040,86,0.6,12.00,Sana'a,صنعاء,23
2017-06-20,Taizz,14113,102,0.7,4.70,Taizz,تعز,15
2017-06-20,Ibb,13865,174,1.3,4.50,Ibb,إب,11
2017-06-20,Dhamar,9340,85,0.9,4.40,Dhamar,ذمار,20
2017-06-20,Al Mahwit,9214,77,0.8,12.10,Al Mahwit,المحويت,27
2017-06-20,Al Dhale'e,7201,38,0.5,9.60,Al Dhale'e,الضالع,30
2017-06-20,Al Bayda,6087,18,0.3,7.90,Al Bayda,البيضاء,14
2017-06-20,Aden,5272,39,0.7,5.50,Aden,عدن,24
2017-06-20,Abyan,3305,21,0.6,5.40,Abyan,أبين,12
2017-06-20,Raymah,3199,58,1.8,5.00,Raymah,ريمة,31
2017-06-20,Lahj,2138,12,0.6,2.00,Lahj,لحج,25
2017-06-20,Al_Jawf,905,9,1.0,1.40,Al Jawf,الجوف,16
2017-06-20,Ma'areb,485,3,0.6,1.30,Marib,مأرب,26
2017-06-20,Sa'ada,165,0,0.0,0.20,Sa'ada,صعدة,22
2017-06-20,AL Mahrah,139,1,0.7,0.90,Al Maharah,المهرة,28
2017-06-20,Shabwah,51,0,0.0,0.10,Shabwah,شبوة,21
2017-06-19,Amanat Al Asimah,27825,51,0.2,8.40,Amanat Al Asimah,أمانة العاصمة,13
2017-06-19,Al-Hudaydah,21025,112,0.5,6.30,Al Hudaydah,الحديدة,18
2017-06-19,Amran,18311,123,0.7,12.00,Amran,عمران,29
2017-06-19,Hajjah,17439,181,1.0,7.90,Hajjah,حجة,17
2017-06-19,Sana'a,14646,83,0.6,11.70,Sana'a,صنعاء,23
2017-06-19,Taizz,13532,99,0.7,4.50,Taizz,تعز,15
2017-06-19,Ibb,13383,171,1.3,4.40,Ibb,إب,11
2017-06-19,Al Mahwit,9116,77,0.8,12.00,Al Mahwit,المحويت,27
2017-06-19,Dhamar,8902,84,0.9,4.20,Dhamar,ذمار,20
2017-06-19,Al Dhale'e,7041,36,0.5,9.30,Al Dhale'e,الضالع,30
2017-06-19,Al Bayda,6085,18,0.3,7.90,Al Bayda,البيضاء,14
2017-06-19,Aden,5053,38,0.8,5.30,Aden,عدن,24
2017-06-19,Abyan,3304,21,0.6,5.40,Abyan,أبين,12
2017-06-19,Raymah,3024,55,1.8,4.80,Raymah,ريمة,31
2017-06-19,Lahj,1925,8,0.4,1.80,Lahj,لحج,25
2017-06-19,Al_Jawf,856,9,1.1,1.30,Al Jawf,الجوف,16
2017-06-19,Ma'areb,485,3,0.6,1.30,Marib,مأرب,26
2017-06-19,Sa'ada,164,0,0.0,0.20,Sa'ada,صعدة,22
2017-06-19,AL Mahrah,123,1,0.8,0.80,Al Maharah,المهرة,28
2017-06-19,Shabwah,47,0,0.0,0.10,Shabwah,شبوة,21
2017-06-18,Amanat Al Asimah,27134,51,0.2,8.20,Amanat Al Asimah,أمانة العاصمة,13
2017-06-18,Al-Hudaydah,20182,110,0.5,6.03,Al Hudaydah,الحديدة,18
2017-06-18,Amran,17561,120,0.7,11.48,Amran,عمران,29
2017-06-18,Hajjah,17431,181,1.0,7.85,Hajjah,حجة,17
2017-06-18,Sana'a,14149,83,0.6,11.31,Sana'a,صنعاء,23
2017-06-18,Taizz,13194,92,0.7,4.35,Taizz,تعز,15
2017-06-18,Ibb,12832,163,1.3,4.19,Ibb,إب,11
2017-06-18,Al Mahwit,8822,77,0.9,11.60,Al Mahwit,المحويت,27
2017-06-18,Dhamar,8489,81,1.0,4.00,Dhamar,ذمار,20
2017-06-18,Al Dhale'e,6802,36,0.5,9.03,Al Dhale'e,الضالع,30
2017-06-18,Al Bayda,5963,18,0.3,7.74,Al Bayda,البيضاء,14
2017-06-18,Aden,4699,37,0.8,4.91,Aden,عدن,24
2017-06-18,Abyan,3194,21,0.7,5.22,Abyan,أبين,12
2017-06-18,Raymah,3019,55,1.8,4.76,Raymah,ريمة,31
2017-06-18,Lahj,1900,8,0.4,1.81,Lahj,لحج,25
2017-06-18,Al_Jawf,841,9,1.1,1.30,Al Jawf,الجوف,16
2017-06-18,Ma'areb,456,3,0.7,1.27,Marib,مأرب,26
2017-06-18,Sa'ada,163,0,0.0,0.18,Sa'ada,صعدة,22
2017-06-18,AL Mahrah,110,1,0.9,0.68,Al Maharah,المهرة,28
2017-06-18,Shabwah,35,0,0.0,0.05,Shabwah,شبوة,21
2017-06-17,Amanat Al Asimah,26126,49,0.2,7.90,Amanat Al Asimah,أمانة العاصمة,13
2017-06-17,Al-Hudaydah,19181,106,0.6,5.73,Al Hudaydah,الحديدة,18
2017-06-17,Amran,16832,115,0.7,11.00,Amran,عمران,29
2017-06-17,Hajjah,16655,181,1.1,7.50,Hajjah,حجة,17
2017-06-17,Sana'a,13690,78,0.6,10.94,Sana'a,صنعاء,23
2017-06-17,Taizz,12655,91,0.7,4.17,Taizz,تعز,15
2017-06-17,Ibb,11911,151,1.3,3.89,Ibb,إب,11
2017-06-17,Al Mahwit,8535,77,0.9,11.22,Al Mahwit,المحويت,27
2017-06-17,Dhamar,8082,80,1.0,3.81,Dhamar,ذمار,20
2017-06-17,Al Dhale'e,5999,31,0.5,7.96,Al Dhale'e,الضالع,30
2017-06-17,Al Bayda,5963,18,0.3,7.74,Al Bayda,البيضاء,14
2017-06-17,Aden,4484,37,0.8,4.69,Aden,عدن,24
2017-06-17,Abyan,3094,21,0.7,5.06,Abyan,أبين,12
2017-06-17,Raymah,2688,45,1.7,4.24,Raymah,ريمة,31
2017-06-17,Lahj,1586,8,0.5,1.51,Lahj,لحج,25
2017-06-17,Al_Jawf,796,9,1.1,1.23,Al Jawf,الجوف,16
2017-06-17,Ma'areb,407,3,0.7,1.13,Marib,مأرب,26
2017-06-17,Sa'ada,158,0,0.0,0.18,Sa'ada,صعدة,22
2017-06-17,AL Mahrah,100,0,0.0,0.62,Al Maharah,المهرة,28
2017-06-17,Shabwah,18,0,0.0,0.03,Shabwah,شبوة,21
2017-06-14,Amanat Al Asimah,23436,47,0.2,7.08,Amanat Al Asimah,أمانة العاصمة,13
2017-06-14,Al-Hudaydah,16467,95,0.6,4.92,Al Hudaydah,الحديدة,18
2017-06-14,Amran,14937,112,0.7,9.76,Amran,عمران,29
2017-06-14,Hajjah,14466,146,1.0,6.52,Hajjah,حجة,17
2017-06-14,Sana'a,12225,73,6.0,9.77,Sana'a,صنعاء,23
2017-06-14,Taizz,11264,79,0.7,3.71,Taizz,تعز,15
2017-06-14,Ibb,10323,138,1.3,3.37,Ibb,إب,11
2017-06-14,Al Mahwit,7815,72,0.9,10.27,Al Mahwit,المحويت,27
2017-06-14,Dhamar,6847,69,1.0,3.23,Dhamar,ذمار,20
2017-06-14,Al Bayda,5477,18,0.3,7.11,Al Bayda,البيضاء,14
2017-06-14,Al Dhale'e,5107,29,0.6,6.78,Al Dhale'e,الضالع,30
2017-06-14,Aden,3649,31,0.8,3.81,Aden,عدن,24
2017-06-14,Abyan,2771,21,0.8,4.53,Abyan,أبين,12
2017-06-14,Raymah,2546,42,1.6,4.02,Raymah,ريمة,31
2017-06-14,Lahj,1476,8,0.5,1.40,Lahj,لحج,25
2017-06-14,Al_Jawf,718,8,1.1,1.11,Al Jawf,الجوف,16
2017-06-14,Ma'areb,357,1,0.3,0.99,Marib,مأرب,26
2017-06-14,Sa'ada,139,0,0.0,0.16,Sa'ada,صعدة,22
2017-06-14,AL Mahrah,78,0,0.0,0.48,Al Maharah,المهرة,28
2017-06-14,Shabwah,18,0,0.0,0.03,Shabwah,شبوة,21
2017-06-13,Amanat Al Asimah,22661,47,0.2,6.85,Amanat Al Asimah,أمانة العاصمة,13
2017-06-13,Al-Hudaydah,15642,94,0.6,4.68,Al Hudaydah,الحديدة,18
2017-06-13,Hajjah,14453,146,1.0,6.51,Hajjah,حجة,17
2017-06-13,Amran,14350,109,0.8,9.38,Amran,عمران,29
2017-06-13,Sana'a,11836,71,0.6,9.46,Sana'a,صنعاء,23
2017-06-13,Taizz,10710,77,0.7,3.53,Taizz,تعز,15
2017-06-13,Ibb,9996,136,1.4,3.26,Ibb,إب,11
2017-06-13,Al Mahwit,7634,70,0.9,10.04,Al Mahwit,المحويت,27
2017-06-13,Dhamar,6555,67,1.0,3.09,Dhamar,ذمار,20
2017-06-13,Al Bayda,5247,18,0.3,6.81,Al Bayda,البيضاء,14
2017-06-13,Al Dhale'e,5030,29,0.6,6.68,Al Dhale'e,الضالع,30
2017-06-13,Aden,3648,31,0.8,3.81,Aden,عدن,24
2017-06-13,Abyan,2675,21,0.8,4.38,Abyan,أبين,12
2017-06-13,Raymah,2281,41,1.8,3.60,Raymah,ريمة,31
2017-06-13,Lahj,1241,8,0.6,1.18,Lahj,لحج,25
2017-06-13,Al_Jawf,687,8,1.2,1.06,Al Jawf,الجوف,16
2017-06-13,Ma'areb,335,1,0.3,0.93,Marib,مأرب,26
2017-06-13,Sa'ada,138,0,0.0,0.16,Sa'ada,صعدة,22
2017-06-13,AL Mahrah,70,0,0.0,0.43,Al Maharah,المهرة,28
2017-06-13,Shabwah,18,0,0.0,0.03,Shabwah,شبوة,21
2017-06-12,Amanat Al Asimah,22113,42,0.2,6.68,Amanat Al Asimah,أمانة العاصمة,13
2017-06-12,Al-Hudaydah,14729,87,0.6,4.40,Al Hudaydah,الحديدة,18
2017-06-12,Amran,13828,106,0.8,9.04,Amran,عمران,29
2017-06-12,Hajjah,13626,146,1.1,6.14,Hajjah,حجة,17
2017-06-12,Sana'a,11142,69,0.6,8.91,Sana'a,صنعاء,23
2017-06-12,Taizz,9711,73,0.8,3.20,Taizz,تعز,15
2017-06-12,Ibb,9490,134,1.4,3.10,Ibb,إب,11
2017-06-12,Al Mahwit,7405,70,0.9,9.73,Al Mahwit,المحويت,27
2017-06-12,Dhamar,6314,61,1.0,2.98,Dhamar,ذمار,20
2017-06-12,Al Bayda,5048,18,0.4,6.55,Al Bayda,البيضاء,14
2017-06-12,Al Dhale'e,4857,26,0.5,6.45,Al Dhale'e,الضالع,30
2017-06-12,Aden,3648,31,0.8,3.81,Aden,عدن,24
2017-06-12,Abyan,2611,21,0.8,4.27,Abyan,أبين,12
2017-06-12,Raymah,2257,41,1.8,3.56,Raymah,ريمة,31
2017-06-12,Lahj,1239,8,0.6,1.18,Lahj,لحج,25
2017-06-12,Al_Jawf,646,8,1.2,1.00,Al Jawf,الجوف,16
2017-06-12,Ma'areb,319,1,0.3,0.89,Marib,مأرب,26
2017-06-12,Sa'ada,138,0,0.0,0.16,Sa'ada,صعدة,22
2017-06-12,AL Mahrah,46,0,0.0,0.28,Al Maharah,المهرة,28
2017-06-12,Shabwah,18,0,0.0,0.03,Shabwah,شبوة,21
2017-06-10,Amanat Al Asimah,21538,41,0.2,6.51,Amanat Al Asimah,أمانة العاصمة,13
2017-06-10,Al-Hudaydah,14107,87,0.6,4.22,Al Hudaydah,الحديدة,18
2017-06-10,Hajjah,13279,146,1.1,5.98,Hajjah,حجة,17
2017-06-10,Amran,13148,105,0.8,8.59,Amran,عمران,29
2017-06-10,Sana'a,10963,69,0.6,8.76,Sana'a,صنعاء,23
2017-06-10,Taizz,9172,68,0.7,3.02,Taizz,تعز,15
2017-06-10,Ibb,8623,129,1.5,2.81,Ibb,إب,11
2017-06-10,Al Mahwit,7126,70,1.0,9.37,Al Mahwit,المحويت,27
2017-06-10,Dhamar,6031,60,1.0,2.84,Dhamar,ذمار,20
2017-06-10,Al Bayda,4933,18,0.4,6.41,Al Bayda,البيضاء,14
2017-06-10,Al Dhale'e,4700,25,0.5,6.24,Al Dhale'e,الضالع,30
2017-06-10,Aden,3648,31,0.8,3.81,Aden,عدن,24
2017-06-10,Abyan,2480,21,0.8,4.06,Abyan,أبين,12
2017-06-10,Raymah,2099,37,1.8,3.31,Raymah,ريمة,31
2017-06-10,Lahj,1042,8,0.8,0.99,Lahj,لحج,25
2017-06-10,Al_Jawf,618,7,1.1,0.95,Al Jawf,الجوف,16
2017-06-10,Ma'areb,295,1,0.3,0.82,Marib,مأرب,26
2017-06-10,Sa'ada,136,0,0.0,0.15,Sa'ada,صعدة,22
2017-06-10,AL Mahrah,46,0,0.0,0.28,Al Maharah,المهرة,28
2017-06-10,Shabwah,18,0,0.0,0.03,Shabwah,شبوة,21
2017-06-07,Amanat Al Asimah,18887,39,0.2,5.71,Amanat Al Asimah,أمانة العاصمة,13
2017-06-07,Hajjah,11224,130,1.2,5.06,Hajjah,حجة,17
2017-06-07,Al-Hudaydah,11128,74,0.7,3.33,Al Hudaydah,الحديدة,18
2017-06-07,Amran,11124,94,0.8,7.27,Amran,عمران,29
2017-06-07,Sana'a,9194,59,0.6,7.35,Sana'a,صنعاء,23
2017-06-07,Taizz,7227,55,0.8,2.38,Taizz,تعز,15
2017-06-07,Al Mahwit,6196,68,1.1,8.14,Al Mahwit,المحويت,27
2017-06-07,Ibb,6041,111,1.8,1.97,Ibb,إب,11
2017-06-07,Dhamar,4845,55,1.1,2.28,Dhamar,ذمار,20
2017-06-07,Al Bayda,4250,14,0.3,5.52,Al Bayda,البيضاء,14
2017-06-07,Al Dhale'e,3428,19,0.6,4.55,Al Dhale'e,الضالع,30
2017-06-07,Aden,2961,23,0.8,3.10,Aden,عدن,24
2017-06-07,Abyan,2171,17,0.8,3.55,Abyan,أبين,12
2017-06-07,Raymah,1525,25,1.6,2.41,Raymah,ريمة,31
2017-06-07,Lahj,724,5,0.7,0.69,Lahj,لحج,25
2017-06-07,Al_Jawf,513,5,1.0,0.79,Al Jawf,الجوف,16
2017-06-07,Ma'areb,245,1,0.4,0.68,Marib,مأرب,26
2017-06-07,Sa'ada,125,0,0.0,0.14,Sa'ada,صعدة,22
2017-06-07,Shabwah,12,0,0.0,0.02,Shabwah,شبوة,21
2017-06-04,Amanat Al Asimah,16386,37,0.2,4.95,Amanat Al Asimah,أمانة العاصمة,13
2017-06-04,Hajjah,9864,102,1.0,4.44,Hajjah,حجة,17
2017-06-04,Amran,9500,90,0.9,6.21,Amran,عمران,29
2017-06-04,Al-Hudaydah,9330,59,0.6,2.79,Al Hudaydah,الحديدة,18
2017-06-04,Sana'a,7992,56,0.7,6.39,Sana'a,صنعاء,23
2017-06-04,Taizz,5608,48,0.9,1.85,Taizz,تعز,15
2017-06-04,Al Mahwit,5514,63,1.1,7.25,Al Mahwit,المحويت,27
2017-06-04,Ibb,4274,85,2.0,1.39,Ibb,إب,11
2017-06-04,Dhamar,4060,52,1.3,1.91,Dhamar,ذمار,20
2017-06-04,Al Bayda,3837,13,0.3,4.98,Al Bayda,البيضاء,14
2017-06-04,Aden,2960,23,0.8,3.09,Aden,عدن,24
2017-06-04,Al Dhale'e,2802,14,0.5,3.72,Al Dhale'e,الضالع,30
2017-06-04,Abyan,1920,16,0.8,3.14,Abyan,أبين,12
2017-06-04,Raymah,1141,15,1.3,1.80,Raymah,ريمة,31
2017-06-04,Lahj,520,2,0.4,0.49,Lahj,لحج,25
2017-06-04,Al_Jawf,433,5,1.2,0.67,Al Jawf,الجوف,16
2017-06-04,Ma'areb,151,1,0.7,0.42,Marib,مأرب,26
2017-06-04,Sa'ada,118,0,0.0,0.13,Sa'ada,صعدة,22
2017-06-04,Shabwah,12,0,0.0,0.02,Shabwah,شبوة,21
2017-05-30,Amanat Al Asimah,13700,36,0.3,4.14,Amanat Al Asimah,أمانة العاصمة,13
2017-05-30,Hajjah,7143,70,1.0,3.22,Hajjah,حجة,17
2017-05-30,Amran,6977,76,1.1,4.56,Amran,عمران,29
2017-05-30,Al-Hudaydah,6865,41,0.6,2.05,Al Hudaydah,الحديدة,18
2017-05-30,Sana'a,6224,50,0.8,4.98,Sana'a,صنعاء,23
2017-05-30,Al Mahwit,4246,50,1.2,1.45,Al Mahwit,المحويت,27
2017-05-30,Taizz,4399,38,0.9,5.58,Taizz,تعز,15
2017-05-30,Dhamar,3033,44,1.5,4.07,Dhamar,ذمار,20
2017-05-30,Al Bayda,3136,11,0.4,1.43,Al Bayda,البيضاء,14
2017-05-30,Al Dhale'e,2371,11,0.5,0.84,Al Dhale'e,الضالع,30
2017-05-30,Ibb,2567,57,2.2,3.15,Ibb,إب,11
2017-05-30,Abyan,1587,16,1.0,2.60,Abyan,أبين,12
2017-05-30,Aden,1171,16,1.4,1.22,Aden,عدن,24
2017-05-30,Raymah,902,9,1.0,1.42,Raymah,ريمة,31
2017-05-30,Lahj,471,2,0.4,0.45,Lahj,لحج,25
2017-05-30,Al_Jawf,334,4,1.2,0.51,Al Jawf,الجوف,16
2017-05-30,Ma'areb,114,1,0.9,0.32,Marib,مأرب,26
2017-05-30,Sa'ada,106,0,0.0,0.12,Sa'ada,صعدة,22
2017-05-30,Shabwah,11,0,0.0,0.02,Shabwah,شبوة,21
2017-05-27,Amanat Al Asimah,12544,36,0.3,3.79,Amanat Al Asimah,أمانة العاصمة,13
2017-05-27,Hajjah,5980,62,1.0,2.69,Hajjah,حجة,17
2017-05-27,Amran,5972,57,1.0,3.90,Amran,عمران,29
2017-05-27,Sana'a,5383,46,0.9,4.30,Sana'a,صنعاء,23
2017-05-27,Al Mahwit,3594,45,1.3,4.72,Al Mahwit,المحويت,27
2017-05-27,Taizz,3394,30,0.9,1.12,Taizz,تعز,15
2017-05-27,Al Bayda,2536,8,0.3,3.29,Al Bayda,البيضاء,14
2017-05-27,Dhamar,2507,41,1.6,1.18,Dhamar,ذمار,20
2017-05-27,Al-Hudaydah,2463,40,1.6,0.74,Al Hudaydah,الحديدة,18
2017-05-27,Ibb,2177,57,2.6,0.71,Ibb,إب,11
2017-05-27,Al Dhale'e,1919,9,0.5,2.55,Al Dhale'e,الضالع,30
2017-05-27,Abyan,1365,15,1.1,2.23,Abyan,أبين,12
2017-05-27,Aden,793,12,1.5,0.83,Aden,عدن,24
2017-05-27,Raymah,761,8,1.1,1.20,Raymah,ريمة,31
2017-05-27,Lahj,328,1,0.3,0.31,Lahj,لحج,25
2017-05-27,Al_Jawf,271,3,1.1,0.42,Al Jawf,الجوف,16
2017-05-27,Sa'ada,86,0,0.0,0.10,Sa'ada,صعدة,22
2017-05-27,Ma'areb,59,1,1.7,0.16,Marib,مأرب,26
2017-05-27,Shabwah,8,0,0.0,0.01,Shabwah,شبوة,21
2017-05-22,Amanat Al Asimah,9216,33,0.4,2.79,Amanat Al Asimah,أمانة العاصمة,13
2017-05-22,Hajjah,4664,42,0.9,2.10,Hajjah,حجة,17
2017-05-22,Sana'a,3815,39,1.0,3.05,Sana'a,صنعاء,23
2017-05-22,Amran,3743,45,1.2,2.45,Amran,عمران,29
2017-05-22,Al Mahwit,2486,34,1.4,3.27,Al Mahwit,المحويت,27
2017-05-22,Taizz,1791,23,1.3,0.59,Taizz,تعز,15
2017-05-22,Dhamar,1617,33,2.0,0.76,Dhamar,ذمار,20
2017-05-22,Al Bayda,1498,6,0.4,1.95,Al Bayda,البيضاء,14
2017-05-22,Al Dhale'e,1401,8,0.6,1.86,Al Dhale'e,الضالع,30
2017-05-22,Al-Hudaydah,1397,32,2.3,0.42,Al Hudaydah,الحديدة,18
2017-05-22,Ibb,1378,37,2.7,0.45,Ibb,إب,11
2017-05-22,Abyan,1068,10,0.9,1.75,Abyan,أبين,12
2017-05-22,Raymah,549,4,0.7,0.87,Raymah,ريمة,31
2017-05-22,Aden,489,12,2.5,0.51,Aden,عدن,24
2017-05-22,Al_Jawf,189,3,1.6,0.29,Al Jawf,الجوف,16
2017-05-22,Lahj,168,0,0.0,0.16,Lahj,لحج,25
2017-05-22,Ma'areb,2,0,0.0,0.01,Marib,مأرب,26